Filename,Predictions
depth_1\25657218_111_acoustic_R1.png,depth_1
depth_1\25657218_111_acoustic_R2.png,depth_1
depth_1\25658131_38_acoustic_R1.png,depth_1
depth_1\25658131_38_acoustic_R2.png,depth_1
depth_1\25658208_101_acoustic_R1.png,depth_1
depth_1\25658208_101_acoustic_R2.png,depth_1
depth_1\25658791_110_acoustic_R1.png,depth_1
depth_1\25658791_110_acoustic_R2.png,depth_1
depth_1\25659077_100_acoustic_R1.png,depth_1
depth_1\25659077_100_acoustic_R2.png,depth_1
depth_1\27119674_101_acoustic_R1.png,depth_1
depth_1\27119674_101_acoustic_R2.png,depth_1
depth_1\27119729_101_acoustic_R1.png,depth_1
depth_1\27119729_101_acoustic_R2.png,depth_1
depth_1\27119960_100_acoustic_R1.png,depth_2
depth_1\27119960_100_acoustic_R2.png,depth_2
depth_1\27120103_101_acoustic_R1.png,depth_1
depth_1\27120103_101_acoustic_R2.png,depth_1
depth_1\27120136_101_acoustic_R1.png,depth_1
depth_1\27120136_101_acoustic_R2.png,depth_1
depth_1\27120147_106_acoustic_R1.png,depth_1
depth_1\27120147_106_acoustic_R2.png,depth_1
depth_1\27120334_35_acoustic_R1.png,depth_1
depth_1\27120334_35_acoustic_R2.png,depth_1
depth_1\27120345_101_acoustic_R1.png,depth_1
depth_1\27120345_101_acoustic_R2.png,depth_1
depth_1\27120356_107_acoustic_R1.png,depth_1
depth_1\27120356_107_acoustic_R2.png,depth_1
depth_1\27120400_102_acoustic_R1.png,depth_1
depth_1\27120400_102_acoustic_R2.png,depth_1
depth_1\27120565_117_acoustic_R1.png,depth_1
depth_1\27120565_117_acoustic_R2.png,depth_1
depth_1\27120576_28_acoustic_R1.png,depth_1
depth_1\27120576_28_acoustic_R2.png,depth_1
depth_1\27120620_107_acoustic_R1.png,depth_1
depth_1\27120620_107_acoustic_R2.png,depth_1
depth_1\27120906_100_acoustic_R1.png,depth_1
depth_1\27120906_100_acoustic_R2.png,depth_1
depth_1\27121379_105_acoustic_R1.png,depth_1
depth_1\27121379_105_acoustic_R2.png,depth_1
depth_1\27121500_100_acoustic_R1.png,depth_1
depth_1\27121500_100_acoustic_R2.png,depth_1
depth_1\27121522_111_acoustic_R1.png,depth_1
depth_1\27121522_111_acoustic_R2.png,depth_1
depth_1\27122171_101_acoustic_R1.png,depth_1
depth_1\27122171_101_acoustic_R2.png,depth_1
depth_1\27122259_105_acoustic_R1.png,depth_1
depth_1\27122259_105_acoustic_R2.png,depth_1
depth_1\28965686_119_acoustic_R1.png,depth_1
depth_1\28965686_119_acoustic_R2.png,depth_1
depth_1\28965697_103_acoustic_R1.png,depth_1
depth_1\28965697_103_acoustic_R2.png,depth_1
depth_1\28965884_100_acoustic_R1.png,depth_1
depth_1\28965884_100_acoustic_R2.png,depth_1
depth_1\28965939_112_acoustic_R1.png,depth_1
depth_1\28965939_112_acoustic_R2.png,depth_1
depth_1\28966005_103_acoustic_R1.png,depth_1
depth_1\28966005_103_acoustic_R2.png,depth_1
depth_1\28966269_100_acoustic_R1.png,depth_1
depth_1\28966269_100_acoustic_R2.png,depth_1
depth_1\28966357_103_acoustic_R1.png,depth_1
depth_1\28966357_103_acoustic_R2.png,depth_1
depth_1\28966368_100_acoustic_R1.png,depth_1
depth_1\28966368_100_acoustic_R2.png,depth_1
depth_1\28966555_102_acoustic_R1.png,depth_1
depth_1\28966555_102_acoustic_R2.png,depth_1
depth_1\28966830_105_acoustic_R1.png,depth_1
depth_1\28966830_105_acoustic_R2.png,depth_1
depth_1\28967204_101_acoustic_R1.png,depth_1
depth_1\28967204_101_acoustic_R2.png,depth_1
depth_1\28967259_38_acoustic_R1.png,depth_1
depth_1\28967259_38_acoustic_R2.png,depth_1
depth_1\28967270_27_acoustic_R1.png,depth_1
depth_1\28967270_27_acoustic_R2.png,depth_1
depth_1\28967589_27_acoustic_R1.png,depth_1
depth_1\28967589_27_acoustic_R2.png,depth_1
depth_1\28967831_102_acoustic_R1.png,depth_1
depth_1\28967831_102_acoustic_R2.png,depth_1
depth_1\28968139_106_acoustic_R1.png,depth_1
depth_1\28968139_106_acoustic_R2.png,depth_1
depth_1\28968161_100_acoustic_R1.png,depth_1
depth_1\28968161_100_acoustic_R2.png,depth_1
depth_1\28968183_105_acoustic_R1.png,depth_1
depth_1\28968183_105_acoustic_R2.png,depth_1
depth_1\28968392_100_acoustic_R1.png,depth_1
depth_1\28968722_27_acoustic_R1.png,depth_1
depth_1\28968722_27_acoustic_R2.png,depth_1
depth_1\28969118_110_acoustic_R1.png,depth_1
depth_1\28969118_110_acoustic_R2.png,depth_1
depth_1\28969349_101_acoustic_R1.png,depth_1
depth_1\28969349_101_acoustic_R2.png,depth_1
depth_1\28971252_103_acoustic_R1.png,depth_1
depth_1\28971252_103_acoustic_R2.png,depth_1
depth_1\28971373_101_acoustic_R1.png,depth_1
depth_1\28971373_101_acoustic_R2.png,depth_1
depth_1\28971516_105_acoustic_R1.png,depth_1
depth_1\28971516_105_acoustic_R2.png,depth_1
depth_1\28971989_103_acoustic_R1.png,depth_1
depth_1\28971989_103_acoustic_R2.png,depth_1
depth_1\28972011_107_acoustic_R1.png,depth_2
depth_1\28972011_107_acoustic_R2.png,depth_2
depth_1\28972099_101_acoustic_R1.png,depth_2
depth_1\28972099_101_acoustic_R2.png,depth_2
depth_1\32738297_101_acoustic_R1.png,depth_1
depth_1\32738297_101_acoustic_R2.png,depth_1
depth_1\32738594_105_acoustic_R1.png,depth_1
depth_1\32738594_105_acoustic_R2.png,depth_1
depth_1\32738616_102_acoustic_R1.png,depth_1
depth_1\32738616_102_acoustic_R2.png,depth_1
depth_1\32738770_107_acoustic_R1.png,depth_1
depth_1\32738770_107_acoustic_R2.png,depth_1
depth_1\32739034_105_acoustic_R1.png,depth_1
depth_1\32739034_105_acoustic_R2.png,depth_1
depth_1\32739133_111_acoustic_R1.png,depth_1
depth_1\32739133_111_acoustic_R2.png,depth_1
depth_1\32739166_107_acoustic_R1.png,depth_1
depth_1\32739166_107_acoustic_R2.png,depth_1
depth_1\32739716_108_acoustic_R1.png,depth_1
depth_1\32739716_108_acoustic_R2.png,depth_1
depth_1\32740046_101_acoustic_R1.png,depth_1
depth_1\32740046_101_acoustic_R2.png,depth_1
depth_1\32742444_45_acoustic_R1.png,depth_1
depth_1\32742444_45_acoustic_R2.png,depth_1
depth_1\32742466_27_acoustic_R1.png,depth_1
depth_1\32742466_27_acoustic_R2.png,depth_1
depth_1\32742664_103_acoustic_R1.png,depth_1
depth_1\32742664_103_acoustic_R2.png,depth_1
depth_1\32744457_111_acoustic_R1.png,depth_1
depth_1\32744457_111_acoustic_R2.png,depth_1
depth_1\32744512_47_acoustic_R1.png,depth_1
depth_1\32744512_47_acoustic_R2.png,depth_1
depth_1\32744666_36_acoustic_R1.png,depth_1
depth_1\32744666_36_acoustic_R2.png,depth_1
depth_1\32744908_104_acoustic_R1.png,depth_1
depth_1\32744908_104_acoustic_R2.png,depth_1
depth_1\32744952_106_acoustic_R1.png,depth_1
depth_1\32744952_106_acoustic_R2.png,depth_1
depth_1\32745986_112_acoustic_R1.png,depth_1
depth_1\32745986_112_acoustic_R2.png,depth_1
depth_1\32746129_102_acoustic_R1.png,depth_1
depth_1\32746129_102_acoustic_R2.png,depth_1
depth_1\32746162_103_acoustic_R1.png,depth_1
depth_1\32746162_103_acoustic_R2.png,depth_1
depth_1\32746195_102_acoustic_R1.png,depth_1
depth_1\32746195_102_acoustic_R2.png,depth_1
depth_1\32746371_108_acoustic_R1.png,depth_2
depth_1\32746371_108_acoustic_R2.png,depth_2
depth_1\32746679_100_acoustic_R1.png,depth_1
depth_1\32746679_100_acoustic_R2.png,depth_1
depth_1\32746690_102_acoustic_R1.png,depth_1
depth_1\32746690_102_acoustic_R2.png,depth_1
depth_1\32747823_100_acoustic_R1.png,depth_2
depth_1\32747823_100_acoustic_R2.png,depth_1
depth_1\34109645_103_acoustic_R1.png,depth_1
depth_1\34109645_103_acoustic_R2.png,depth_1
depth_1\34110888_111_acoustic_R1.png,depth_1
depth_1\34110888_111_acoustic_R2.png,depth_1
depth_1\34110910_100_acoustic_R1.png,depth_1
depth_1\34110910_100_acoustic_R2.png,depth_1
depth_1\34111020_100_acoustic_R1.png,depth_1
depth_1\34111020_100_acoustic_R2.png,depth_1
depth_1\34111966_100_acoustic_R1.png,depth_1
depth_1\34111966_100_acoustic_R2.png,depth_1
depth_1\79261884_103_acoustic_R1.png,depth_1
depth_1\79261884_103_acoustic_R2.png,depth_1
depth_1\79262126_107_acoustic_R1.png,depth_1
depth_1\79262126_107_acoustic_R2.png,depth_1
depth_1\79262148_58_acoustic_R1.png,depth_1
depth_1\79262148_58_acoustic_R2.png,depth_1
depth_1\79262192_102_acoustic_R1.png,depth_1
depth_1\79262192_102_acoustic_R2.png,depth_1
depth_1\79262291_104_acoustic_R1.png,depth_1
depth_1\79262291_104_acoustic_R2.png,depth_1
depth_1\79262324_103_acoustic_R1.png,depth_1
depth_1\79262324_103_acoustic_R2.png,depth_1
depth_1\79262665_109_acoustic_R1.png,depth_1
depth_1\79262665_109_acoustic_R2.png,depth_1
depth_1\79262863_25_acoustic_R1.png,depth_1
depth_1\79262863_25_acoustic_R2.png,depth_1
depth_1\79262874_25_acoustic_R1.png,depth_1
depth_1\79262874_25_acoustic_R2.png,depth_1
depth_1\79262962_104_acoustic_R1.png,depth_1
depth_1\79262962_104_acoustic_R2.png,depth_1
depth_1\79263589_100_acoustic_R1.png,depth_1
depth_1\79263589_100_acoustic_R2.png,depth_1
depth_1\79263710_104_acoustic_R1.png,depth_1
depth_1\79263710_104_acoustic_R2.png,depth_1
depth_1\79264084_103_acoustic_R1.png,depth_1
depth_1\79264084_103_acoustic_R2.png,depth_1
depth_1\79265030_100_acoustic_R1.png,depth_1
depth_1\79265030_100_acoustic_R2.png,depth_1
depth_1\79594618_104_acoustic_R1.png,depth_1
depth_1\79594618_104_acoustic_R2.png,depth_1
depth_1\79594662_100_acoustic_R1.png,depth_1
depth_1\79594662_100_acoustic_R2.png,depth_1
depth_1\79595047_106_acoustic_R1.png,depth_1
depth_1\79595047_106_acoustic_R2.png,depth_1
depth_1\79595322_100_acoustic_R1.png,depth_1
depth_1\79595322_100_acoustic_R2.png,depth_1
depth_1\79595432_108_acoustic_R1.png,depth_1
depth_1\79595432_108_acoustic_R2.png,depth_1
depth_1\79595828_101_acoustic_R1.png,depth_1
depth_1\79595828_101_acoustic_R2.png,depth_1
depth_1\79596015_102_acoustic_R1.png,depth_1
depth_1\79596015_102_acoustic_R2.png,depth_1
depth_1\79596290_109_acoustic_R1.png,depth_1
depth_1\79596290_109_acoustic_R2.png,depth_1
depth_1\79596840_103_acoustic_R1.png,depth_2
depth_1\79596840_103_acoustic_R2.png,depth_1
depth_1\79596851_115_acoustic_R1.png,depth_1
depth_1\79596851_115_acoustic_R2.png,depth_1
depth_1\79597027_101_acoustic_R1.png,depth_1
depth_1\79597027_101_acoustic_R2.png,depth_1
depth_1\79597093_110_acoustic_R1.png,depth_1
depth_1\79597093_110_acoustic_R2.png,depth_1
depth_1\79597632_100_acoustic_R1.png,depth_1
depth_1\79597632_100_acoustic_R2.png,depth_1
depth_1\79597896_107_acoustic_R1.png,depth_2
depth_1\79597896_107_acoustic_R2.png,depth_1
depth_1\79597995_107_acoustic_R1.png,depth_1
depth_1\79597995_107_acoustic_R2.png,depth_1
depth_1\79598864_101_acoustic_R1.png,depth_1
depth_1\79598864_101_acoustic_R2.png,depth_1
depth_1\79599271_103_acoustic_R1.png,depth_1
depth_1\79599271_103_acoustic_R2.png,depth_1
depth_1\79858110_101_acoustic_R1.png,depth_1
depth_1\79858110_101_acoustic_R2.png,depth_1
depth_1\79858154_102_acoustic_R1.png,depth_1
depth_1\79858154_102_acoustic_R2.png,depth_1
depth_1\79858407_109_acoustic_R1.png,depth_2
depth_1\79858407_109_acoustic_R2.png,depth_1
depth_1\80915404_106_acoustic_R1.png,depth_1
depth_1\80915404_106_acoustic_R2.png,depth_1
depth_1\80916009_106_acoustic_R1.png,depth_1
depth_1\80916009_106_acoustic_R2.png,depth_1
depth_1\80916075_100_acoustic_R1.png,depth_1
depth_1\80916075_100_acoustic_R2.png,depth_1
depth_1\80916108_108_acoustic_R1.png,depth_1
depth_1\80916108_108_acoustic_R2.png,depth_1
depth_1\80916405_102_acoustic_R1.png,depth_1
depth_1\80916405_102_acoustic_R2.png,depth_1
depth_1\80916449_118_acoustic_R1.png,depth_1
depth_1\80916449_118_acoustic_R2.png,depth_1
depth_1\80917087_107_acoustic_R1.png,depth_1
depth_1\80917087_107_acoustic_R2.png,depth_1
depth_1\80917241_104_acoustic_R1.png,depth_1
depth_1\80917241_104_acoustic_R2.png,depth_1
depth_2\25657218_111_acoustic_R1.png,depth_2
depth_2\25657218_111_acoustic_R2.png,depth_2
depth_2\25658131_38_acoustic_R1.png,depth_2
depth_2\25658131_38_acoustic_R2.png,depth_2
depth_2\25658208_101_acoustic_R1.png,depth_2
depth_2\25658208_101_acoustic_R2.png,depth_3
depth_2\25658791_110_acoustic_R1.png,depth_2
depth_2\25658791_110_acoustic_R2.png,depth_2
depth_2\25659077_100_acoustic_R1.png,depth_2
depth_2\27119674_101_acoustic_R1.png,depth_2
depth_2\27119674_101_acoustic_R2.png,depth_3
depth_2\27119729_101_acoustic_R1.png,depth_2
depth_2\27119729_101_acoustic_R2.png,depth_2
depth_2\27119960_100_acoustic_R1.png,depth_2
depth_2\27120103_101_acoustic_R1.png,depth_2
depth_2\27120103_101_acoustic_R2.png,depth_2
depth_2\27120136_101_acoustic_R1.png,depth_2
depth_2\27120136_101_acoustic_R2.png,depth_2
depth_2\27120147_106_acoustic_R1.png,depth_2
depth_2\27120147_106_acoustic_R2.png,depth_2
depth_2\27120334_35_acoustic_R1.png,depth_2
depth_2\27120334_35_acoustic_R2.png,depth_3
depth_2\27120345_101_acoustic_R1.png,depth_2
depth_2\27120356_107_acoustic_R1.png,depth_2
depth_2\27120356_107_acoustic_R2.png,depth_2
depth_2\27120400_102_acoustic_R1.png,depth_2
depth_2\27120400_102_acoustic_R2.png,depth_3
depth_2\27120565_117_acoustic_R1.png,depth_2
depth_2\27120576_28_acoustic_R1.png,depth_2
depth_2\27120576_28_acoustic_R2.png,depth_3
depth_2\27120620_107_acoustic_R1.png,depth_2
depth_2\27120620_107_acoustic_R2.png,depth_2
depth_2\27120906_100_acoustic_R1.png,depth_2
depth_2\27121379_105_acoustic_R1.png,depth_2
depth_2\27121500_100_acoustic_R1.png,depth_2
depth_2\27121500_100_acoustic_R2.png,depth_3
depth_2\27121522_111_acoustic_R1.png,depth_2
depth_2\27121522_111_acoustic_R2.png,depth_2
depth_2\27122171_101_acoustic_R1.png,depth_2
depth_2\27122171_101_acoustic_R2.png,depth_2
depth_2\27122259_105_acoustic_R1.png,depth_2
depth_2\27122259_105_acoustic_R2.png,depth_2
depth_2\28965686_119_acoustic_R1.png,depth_2
depth_2\28965686_119_acoustic_R2.png,depth_2
depth_2\28965697_103_acoustic_R1.png,depth_2
depth_2\28965884_100_acoustic_R1.png,depth_2
depth_2\28965884_100_acoustic_R2.png,depth_2
depth_2\28965939_112_acoustic_R1.png,depth_2
depth_2\28966005_103_acoustic_R1.png,depth_2
depth_2\28966005_103_acoustic_R2.png,depth_3
depth_2\28966269_100_acoustic_R1.png,depth_2
depth_2\28966357_103_acoustic_R1.png,depth_2
depth_2\28966357_103_acoustic_R2.png,depth_2
depth_2\28966368_100_acoustic_R1.png,depth_2
depth_2\28966368_100_acoustic_R2.png,depth_2
depth_2\28966555_102_acoustic_R1.png,depth_2
depth_2\28966555_102_acoustic_R2.png,depth_3
depth_2\28966830_105_acoustic_R1.png,depth_2
depth_2\28966830_105_acoustic_R2.png,depth_2
depth_2\28967204_101_acoustic_R1.png,depth_2
depth_2\28967204_101_acoustic_R2.png,depth_2
depth_2\28967259_38_acoustic_R1.png,depth_2
depth_2\28967259_38_acoustic_R2.png,depth_2
depth_2\28967270_27_acoustic_R1.png,depth_2
depth_2\28967270_27_acoustic_R2.png,depth_2
depth_2\28967589_27_acoustic_R1.png,depth_2
depth_2\28967589_27_acoustic_R2.png,depth_2
depth_2\28967831_102_acoustic_R1.png,depth_2
depth_2\28967831_102_acoustic_R2.png,depth_2
depth_2\28968139_106_acoustic_R1.png,depth_2
depth_2\28968139_106_acoustic_R2.png,depth_2
depth_2\28968161_100_acoustic_R1.png,depth_2
depth_2\28968161_100_acoustic_R2.png,depth_2
depth_2\28968183_105_acoustic_R1.png,depth_2
depth_2\28968722_27_acoustic_R1.png,depth_2
depth_2\28968722_27_acoustic_R2.png,depth_2
depth_2\28969118_110_acoustic_R1.png,depth_2
depth_2\28969118_110_acoustic_R2.png,depth_2
depth_2\28969349_101_acoustic_R1.png,depth_2
depth_2\28969349_101_acoustic_R2.png,depth_3
depth_2\28971252_103_acoustic_R1.png,depth_2
depth_2\28971252_103_acoustic_R2.png,depth_2
depth_2\28971373_101_acoustic_R1.png,depth_2
depth_2\28971373_101_acoustic_R2.png,depth_2
depth_2\28971516_105_acoustic_R1.png,depth_2
depth_2\28971516_105_acoustic_R2.png,depth_2
depth_2\28971989_103_acoustic_R1.png,depth_2
depth_2\28971989_103_acoustic_R2.png,depth_2
depth_2\28972099_101_acoustic_R1.png,depth_2
depth_2\28972099_101_acoustic_R2.png,depth_2
depth_2\32738297_101_acoustic_R1.png,depth_2
depth_2\32738297_101_acoustic_R2.png,depth_2
depth_2\32738594_105_acoustic_R1.png,depth_2
depth_2\32738594_105_acoustic_R2.png,depth_2
depth_2\32738616_102_acoustic_R1.png,depth_2
depth_2\32738616_102_acoustic_R2.png,depth_2
depth_2\32738770_107_acoustic_R1.png,depth_2
depth_2\32739034_105_acoustic_R1.png,depth_2
depth_2\32739034_105_acoustic_R2.png,depth_2
depth_2\32739133_111_acoustic_R1.png,depth_2
depth_2\32739133_111_acoustic_R2.png,depth_2
depth_2\32739166_107_acoustic_R1.png,depth_2
depth_2\32739166_107_acoustic_R2.png,depth_2
depth_2\32739716_108_acoustic_R1.png,depth_2
depth_2\32739716_108_acoustic_R2.png,depth_2
depth_2\32740046_101_acoustic_R1.png,depth_2
depth_2\32740046_101_acoustic_R2.png,depth_2
depth_2\32742444_45_acoustic_R1.png,depth_2
depth_2\32742444_45_acoustic_R2.png,depth_2
depth_2\32742466_27_acoustic_R1.png,depth_2
depth_2\32742466_27_acoustic_R2.png,depth_2
depth_2\32742664_103_acoustic_R1.png,depth_2
depth_2\32742664_103_acoustic_R2.png,depth_2
depth_2\32744457_111_acoustic_R1.png,depth_2
depth_2\32744457_111_acoustic_R2.png,depth_2
depth_2\32744512_47_acoustic_R1.png,depth_2
depth_2\32744512_47_acoustic_R2.png,depth_2
depth_2\32744666_36_acoustic_R1.png,depth_2
depth_2\32744666_36_acoustic_R2.png,depth_2
depth_2\32744908_104_acoustic_R1.png,depth_2
depth_2\32744908_104_acoustic_R2.png,depth_2
depth_2\32744952_106_acoustic_R1.png,depth_2
depth_2\32744952_106_acoustic_R2.png,depth_2
depth_2\32745986_112_acoustic_R1.png,depth_2
depth_2\32745986_112_acoustic_R2.png,depth_3
depth_2\32746129_102_acoustic_R1.png,depth_2
depth_2\32746162_103_acoustic_R1.png,depth_2
depth_2\32746162_103_acoustic_R2.png,depth_2
depth_2\32746195_102_acoustic_R1.png,depth_2
depth_2\32746195_102_acoustic_R2.png,depth_2
depth_2\32746371_108_acoustic_R1.png,depth_2
depth_2\32746371_108_acoustic_R2.png,depth_2
depth_2\32746679_100_acoustic_R1.png,depth_2
depth_2\32746679_100_acoustic_R2.png,depth_2
depth_2\32746690_102_acoustic_R1.png,depth_2
depth_2\32746690_102_acoustic_R2.png,depth_2
depth_2\32747823_100_acoustic_R1.png,depth_2
depth_2\32747823_100_acoustic_R2.png,depth_3
depth_2\34109645_103_acoustic_R1.png,depth_2
depth_2\34110888_111_acoustic_R1.png,depth_2
depth_2\34110888_111_acoustic_R2.png,depth_2
depth_2\34110910_100_acoustic_R1.png,depth_2
depth_2\34110910_100_acoustic_R2.png,depth_3
depth_2\34111020_100_acoustic_R1.png,depth_2
depth_2\34111020_100_acoustic_R2.png,depth_2
depth_2\34111966_100_acoustic_R1.png,depth_2
depth_2\34111966_100_acoustic_R2.png,depth_2
depth_2\79261884_103_acoustic_R1.png,depth_2
depth_2\79261884_103_acoustic_R2.png,depth_2
depth_2\79262126_107_acoustic_R1.png,depth_2
depth_2\79262126_107_acoustic_R2.png,depth_2
depth_2\79262148_58_acoustic_R1.png,depth_2
depth_2\79262148_58_acoustic_R2.png,depth_2
depth_2\79262192_102_acoustic_R1.png,depth_2
depth_2\79262192_102_acoustic_R2.png,depth_2
depth_2\79262324_103_acoustic_R1.png,depth_2
depth_2\79262324_103_acoustic_R2.png,depth_2
depth_2\79262665_109_acoustic_R1.png,depth_2
depth_2\79262863_25_acoustic_R1.png,depth_2
depth_2\79262863_25_acoustic_R2.png,depth_2
depth_2\79262874_25_acoustic_R1.png,depth_2
depth_2\79262874_25_acoustic_R2.png,depth_2
depth_2\79262962_104_acoustic_R1.png,depth_2
depth_2\79262962_104_acoustic_R2.png,depth_2
depth_2\79263589_100_acoustic_R1.png,depth_2
depth_2\79263710_104_acoustic_R1.png,depth_2
depth_2\79263710_104_acoustic_R2.png,depth_2
depth_2\79264084_103_acoustic_R1.png,depth_2
depth_2\79264084_103_acoustic_R2.png,depth_3
depth_2\79265030_100_acoustic_R1.png,depth_2
depth_2\79265030_100_acoustic_R2.png,depth_2
depth_2\79594618_104_acoustic_R1.png,depth_2
depth_2\79594618_104_acoustic_R2.png,depth_2
depth_2\79594662_100_acoustic_R1.png,depth_2
depth_2\79594662_100_acoustic_R2.png,depth_2
depth_2\79595047_106_acoustic_R1.png,depth_2
depth_2\79595322_100_acoustic_R1.png,depth_2
depth_2\79595322_100_acoustic_R2.png,depth_2
depth_2\79595432_108_acoustic_R1.png,depth_2
depth_2\79595828_101_acoustic_R1.png,depth_2
depth_2\79595828_101_acoustic_R2.png,depth_2
depth_2\79596015_102_acoustic_R1.png,depth_2
depth_2\79596015_102_acoustic_R2.png,depth_2
depth_2\79596290_109_acoustic_R1.png,depth_2
depth_2\79596840_103_acoustic_R1.png,depth_2
depth_2\79596851_115_acoustic_R1.png,depth_2
depth_2\79596851_115_acoustic_R2.png,depth_2
depth_2\79597027_101_acoustic_R1.png,depth_2
depth_2\79597027_101_acoustic_R2.png,depth_2
depth_2\79597093_110_acoustic_R1.png,depth_2
depth_2\79597093_110_acoustic_R2.png,depth_2
depth_2\79597632_100_acoustic_R1.png,depth_2
depth_2\79597896_107_acoustic_R1.png,depth_2
depth_2\79597896_107_acoustic_R2.png,depth_3
depth_2\79597995_107_acoustic_R1.png,depth_2
depth_2\79597995_107_acoustic_R2.png,depth_2
depth_2\79598864_101_acoustic_R1.png,depth_2
depth_2\79598864_101_acoustic_R2.png,depth_2
depth_2\79599271_103_acoustic_R1.png,depth_2
depth_2\79599271_103_acoustic_R2.png,depth_3
depth_2\79858110_101_acoustic_R1.png,depth_2
depth_2\79858110_101_acoustic_R2.png,depth_3
depth_2\79858154_102_acoustic_R1.png,depth_2
depth_2\79858154_102_acoustic_R2.png,depth_2
depth_2\80915404_106_acoustic_R1.png,depth_2
depth_2\80915404_106_acoustic_R2.png,depth_2
depth_2\80916009_106_acoustic_R1.png,depth_2
depth_2\80916009_106_acoustic_R2.png,depth_2
depth_2\80916075_100_acoustic_R1.png,depth_2
depth_2\80916075_100_acoustic_R2.png,depth_2
depth_2\80916108_108_acoustic_R1.png,depth_2
depth_2\80916405_102_acoustic_R1.png,depth_2
depth_2\80916405_102_acoustic_R2.png,depth_2
depth_2\80916449_118_acoustic_R1.png,depth_2
depth_2\80916449_118_acoustic_R2.png,depth_2
depth_3\25657218_111_acoustic_R1.png,depth_3
depth_3\25657218_111_acoustic_R2.png,depth_3
depth_3\25658131_38_acoustic_R1.png,depth_3
depth_3\25658131_38_acoustic_R2.png,depth_4
depth_3\25658208_101_acoustic_R1.png,depth_3
depth_3\25658208_101_acoustic_R2.png,depth_3
depth_3\25658791_110_acoustic_R1.png,depth_3
depth_3\25658791_110_acoustic_R2.png,depth_3
depth_3\25659077_100_acoustic_R1.png,depth_3
depth_3\25659077_100_acoustic_R2.png,depth_3
depth_3\25659077_100m_acoustic_R2.png,depth_3
depth_3\27119674_101_acoustic_R1.png,depth_3
depth_3\27119674_101_acoustic_R2.png,depth_3
depth_3\27119729_101_acoustic_R1.png,depth_3
depth_3\27119729_101_acoustic_R2.png,depth_3
depth_3\27119960_100_acoustic_R1.png,depth_4
depth_3\27119960_100_acoustic_R2.png,depth_4
depth_3\27120103_101_acoustic_R1.png,depth_3
depth_3\27120103_101_acoustic_R2.png,depth_3
depth_3\27120136_101_acoustic_R1.png,depth_3
depth_3\27120136_101_acoustic_R2.png,depth_3
depth_3\27120147_106_acoustic_R1.png,depth_3
depth_3\27120147_106_acoustic_R2.png,depth_3
depth_3\27120334_35_acoustic_R1.png,depth_3
depth_3\27120334_35_acoustic_R2.png,depth_3
depth_3\27120345_101_acoustic_R1.png,depth_3
depth_3\27120345_101_acoustic_R2.png,depth_3
depth_3\27120356_107_acoustic_R1.png,depth_3
depth_3\27120356_107_acoustic_R2.png,depth_3
depth_3\27120400_102_acoustic_R1.png,depth_3
depth_3\27120400_102_acoustic_R2.png,depth_3
depth_3\27120565_117_acoustic_R1.png,depth_3
depth_3\27120565_117_acoustic_R2.png,depth_3
depth_3\27120576_28_acoustic_R1.png,depth_3
depth_3\27120576_28_acoustic_R2.png,depth_3
depth_3\27120620_107_acoustic_R1.png,depth_3
depth_3\27120620_107_acoustic_R2.png,depth_3
depth_3\27120906_100_acoustic_R1.png,depth_3
depth_3\27120906_100_acoustic_R2.png,depth_3
depth_3\27120906_100m_acoustic_R2.png,depth_3
depth_3\27121379_105_acoustic_R1.png,depth_3
depth_3\27121379_105_acoustic_R2.png,depth_3
depth_3\27121379_105m_acoustic_R2.png,depth_3
depth_3\27121500_100_acoustic_R1.png,depth_3
depth_3\27121500_100_acoustic_R2.png,depth_3
depth_3\27121522_111_acoustic_R1.png,depth_3
depth_3\27121522_111_acoustic_R2.png,depth_3
depth_3\27122171_101_acoustic_R1.png,depth_3
depth_3\27122171_101_acoustic_R2.png,depth_3
depth_3\27122259_105_acoustic_R1.png,depth_3
depth_3\27122259_105_acoustic_R2.png,depth_3
depth_3\28965686_119_acoustic_R1.png,depth_3
depth_3\28965686_119_acoustic_R2.png,depth_3
depth_3\28965697_103_acoustic_R1.png,depth_3
depth_3\28965697_103_acoustic_R2.png,depth_3
depth_3\28965884_100_acoustic_R1.png,depth_3
depth_3\28965884_100_acoustic_R2.png,depth_3
depth_3\28965939_112_acoustic_R1.png,depth_4
depth_3\28965939_112_acoustic_R2.png,depth_4
depth_3\28965939_112m_acoustic_R2.png,depth_3
depth_3\28966005_103_acoustic_R1.png,depth_3
depth_3\28966005_103_acoustic_R2.png,depth_4
depth_3\28966357_103_acoustic_R1.png,depth_3
depth_3\28966357_103_acoustic_R2.png,depth_3
depth_3\28966368_100_acoustic_R1.png,depth_3
depth_3\28966368_100_acoustic_R2.png,depth_3
depth_3\28966555_102_acoustic_R1.png,depth_4
depth_3\28966555_102_acoustic_R2.png,depth_4
depth_3\28966830_105_acoustic_R1.png,depth_3
depth_3\28966830_105_acoustic_R2.png,depth_3
depth_3\28967259_38_acoustic_R1.png,depth_3
depth_3\28967259_38_acoustic_R2.png,depth_3
depth_3\28967831_102_acoustic_R1.png,depth_3
depth_3\28967831_102_acoustic_R2.png,depth_3
depth_3\28968139_106_acoustic_R1.png,depth_3
depth_3\28968139_106_acoustic_R2.png,depth_3
depth_3\28968161_100_acoustic_R1.png,depth_3
depth_3\28968161_100_acoustic_R2.png,depth_3
depth_3\28968183_105_acoustic_R1.png,depth_4
depth_3\28968183_105_acoustic_R2.png,depth_4
depth_3\28968183_105m_acoustic_R2.png,depth_3
depth_3\28968722_27_acoustic_R1.png,depth_3
depth_3\28968722_27_acoustic_R2.png,depth_3
depth_3\28969118_110_acoustic_R1.png,depth_3
depth_3\28969118_110_acoustic_R2.png,depth_3
depth_3\28969349_101_acoustic_R1.png,depth_3
depth_3\28969349_101_acoustic_R2.png,depth_3
depth_3\28971252_103_acoustic_R1.png,depth_3
depth_3\28971252_103_acoustic_R2.png,depth_3
depth_3\28971516_105_acoustic_R1.png,depth_3
depth_3\28971516_105_acoustic_R2.png,depth_3
depth_3\28971989_103_acoustic_R1.png,depth_3
depth_3\28971989_103_acoustic_R2.png,depth_3
depth_3\28972099_101_acoustic_R1.png,depth_3
depth_3\28972099_101_acoustic_R2.png,depth_3
depth_3\32738297_101_acoustic_R1.png,depth_3
depth_3\32738297_101_acoustic_R2.png,depth_3
depth_3\32738594_105_acoustic_R1.png,depth_3
depth_3\32738594_105_acoustic_R2.png,depth_3
depth_3\32738616_102_acoustic_R1.png,depth_3
depth_3\32738616_102_acoustic_R2.png,depth_3
depth_3\32739034_105_acoustic_R1.png,depth_3
depth_3\32739034_105_acoustic_R2.png,depth_3
depth_3\32739133_111_acoustic_R1.png,depth_3
depth_3\32739133_111_acoustic_R2.png,depth_3
depth_3\32739166_107_acoustic_R1.png,depth_3
depth_3\32739166_107_acoustic_R2.png,depth_3
depth_3\32739716_108_acoustic_R1.png,depth_3
depth_3\32739716_108_acoustic_R2.png,depth_3
depth_3\32740046_101_acoustic_R1.png,depth_3
depth_3\32740046_101_acoustic_R2.png,depth_3
depth_3\32742444_45_acoustic_R1.png,depth_3
depth_3\32742444_45_acoustic_R2.png,depth_3
depth_3\32742466_27_acoustic_R1.png,depth_3
depth_3\32742466_27_acoustic_R2.png,depth_4
depth_3\32742664_103_acoustic_R1.png,depth_3
depth_3\32742664_103_acoustic_R2.png,depth_3
depth_3\32744457_111_acoustic_R1.png,depth_3
depth_3\32744457_111_acoustic_R2.png,depth_3
depth_3\32744512_47_acoustic_R1.png,depth_3
depth_3\32744512_47_acoustic_R2.png,depth_3
depth_3\32744908_104_acoustic_R1.png,depth_3
depth_3\32744908_104_acoustic_R2.png,depth_3
depth_3\32744952_106_acoustic_R1.png,depth_3
depth_3\32744952_106_acoustic_R2.png,depth_3
depth_3\32745986_112_acoustic_R1.png,depth_3
depth_3\32745986_112_acoustic_R2.png,depth_3
depth_3\32746129_102_acoustic_R1.png,depth_3
depth_3\32746129_102_acoustic_R2.png,depth_3
depth_3\32746162_103_acoustic_R1.png,depth_3
depth_3\32746162_103_acoustic_R2.png,depth_3
depth_3\32746195_102_acoustic_R1.png,depth_3
depth_3\32746195_102_acoustic_R2.png,depth_3
depth_3\32746371_108_acoustic_R1.png,depth_3
depth_3\32746371_108_acoustic_R2.png,depth_3
depth_3\32746679_100_acoustic_R1.png,depth_3
depth_3\32746679_100_acoustic_R2.png,depth_3
depth_3\32746690_102_acoustic_R1.png,depth_3
depth_3\32746690_102_acoustic_R2.png,depth_4
depth_3\32747823_100_acoustic_R1.png,depth_3
depth_3\32747823_100_acoustic_R2.png,depth_3
depth_3\34109645_103_acoustic_R1.png,depth_3
depth_3\34109645_103_acoustic_R2.png,depth_3
depth_3\34110888_111_acoustic_R1.png,depth_3
depth_3\34110888_111_acoustic_R2.png,depth_3
depth_3\34110910_100_acoustic_R1.png,depth_3
depth_3\34110910_100_acoustic_R2.png,depth_3
depth_3\34111020_100_acoustic_R1.png,depth_3
depth_3\34111020_100_acoustic_R2.png,depth_3
depth_3\34111966_100_acoustic_R1.png,depth_3
depth_3\34111966_100_acoustic_R2.png,depth_3
depth_3\79261884_103_acoustic_R1.png,depth_3
depth_3\79261884_103_acoustic_R2.png,depth_3
depth_3\79262126_107_acoustic_R1.png,depth_3
depth_3\79262126_107_acoustic_R2.png,depth_3
depth_3\79262148_58_acoustic_R1.png,depth_3
depth_3\79262148_58_acoustic_R2.png,depth_3
depth_3\79262192_102_acoustic_R1.png,depth_3
depth_3\79262192_102_acoustic_R2.png,depth_3
depth_3\79262291_104_acoustic_R1.png,depth_3
depth_3\79262324_103_acoustic_R1.png,depth_3
depth_3\79262324_103_acoustic_R2.png,depth_3
depth_3\79262665_109_acoustic_R1.png,depth_3
depth_3\79262665_109_acoustic_R2.png,depth_3
depth_3\79262863_25_acoustic_R1.png,depth_3
depth_3\79262863_25_acoustic_R2.png,depth_3
depth_3\79262874_25_acoustic_R1.png,depth_3
depth_3\79262874_25_acoustic_R2.png,depth_3
depth_3\79262962_104_acoustic_R1.png,depth_3
depth_3\79262962_104_acoustic_R2.png,depth_3
depth_3\79263589_100_acoustic_R1.png,depth_3
depth_3\79263589_100_acoustic_R2.png,depth_3
depth_3\79263710_104_acoustic_R1.png,depth_4
depth_3\79263710_104_acoustic_R2.png,depth_4
depth_3\79264084_103_acoustic_R1.png,depth_3
depth_3\79264084_103_acoustic_R2.png,depth_3
depth_3\79265030_100_acoustic_R1.png,depth_3
depth_3\79265030_100_acoustic_R2.png,depth_3
depth_3\79594618_104_acoustic_R1.png,depth_3
depth_3\79594618_104_acoustic_R2.png,depth_3
depth_3\79594662_100_acoustic_R1.png,depth_3
depth_3\79594662_100_acoustic_R2.png,depth_3
depth_3\79595047_106_acoustic_R1.png,depth_4
depth_3\79595047_106_acoustic_R2.png,depth_4
depth_3\79595322_100_acoustic_R1.png,depth_3
depth_3\79595322_100_acoustic_R2.png,depth_3
depth_3\79595432_108_acoustic_R1.png,depth_3
depth_3\79595432_108_acoustic_R2.png,depth_3
depth_3\79595432_108m_acoustic_R2.png,depth_3
depth_3\79595828_101_acoustic_R1.png,depth_3
depth_3\79595828_101_acoustic_R2.png,depth_3
depth_3\79596015_102_acoustic_R1.png,depth_3
depth_3\79596015_102_acoustic_R2.png,depth_3
depth_3\79596290_109_acoustic_R1.png,depth_3
depth_3\79596290_109_acoustic_R2.png,depth_3
depth_3\79596840_103_acoustic_R1.png,depth_4
depth_3\79596840_103_acoustic_R2.png,depth_4
depth_3\79596851_115_acoustic_R1.png,depth_3
depth_3\79596851_115_acoustic_R2.png,depth_3
depth_3\79597027_101_acoustic_R1.png,depth_3
depth_3\79597027_101_acoustic_R2.png,depth_3
depth_3\79597093_110_acoustic_R1.png,depth_3
depth_3\79597093_110_acoustic_R2.png,depth_3
depth_3\79597632_100_acoustic_R1.png,depth_3
depth_3\79597632_100_acoustic_R2.png,depth_3
depth_3\79597896_107_acoustic_R1.png,depth_3
depth_3\79597896_107_acoustic_R2.png,depth_3
depth_3\79597995_107_acoustic_R1.png,depth_3
depth_3\79597995_107_acoustic_R2.png,depth_3
depth_3\79598864_101_acoustic_R1.png,depth_3
depth_3\79598864_101_acoustic_R2.png,depth_3
depth_3\79599271_103_acoustic_R1.png,depth_3
depth_3\79599271_103_acoustic_R2.png,depth_3
depth_3\79858154_102_acoustic_R1.png,depth_3
depth_3\79858154_102_acoustic_R2.png,depth_3
depth_3\80915404_106_acoustic_R1.png,depth_3
depth_3\80915404_106_acoustic_R2.png,depth_3
depth_3\80916075_100_acoustic_R1.png,depth_3
depth_3\80916075_100_acoustic_R2.png,depth_3
depth_3\80916108_108_acoustic_R1.png,depth_3
depth_3\80916108_108_acoustic_R2.png,depth_3
depth_3\80916405_102_acoustic_R1.png,depth_3
depth_3\80916405_102_acoustic_R2.png,depth_3
depth_3\80916449_118_acoustic_R1.png,depth_3
depth_3\80916449_118_acoustic_R2.png,depth_3
depth_3\80917087_107_acoustic_R1.png,depth_3
depth_3\80917087_107_acoustic_R2.png,depth_3
depth_3\80917241_104_acoustic_R1.png,depth_4
depth_3\80917241_104_acoustic_R2.png,depth_4
depth_4\25657218_111_acoustic_R1.png,depth_4
depth_4\25657218_111_acoustic_R2.png,depth_4
depth_4\25658131_38_acoustic_R1.png,depth_4
depth_4\25658131_38_acoustic_R2.png,depth_4
depth_4\25658208_101_acoustic_R1.png,depth_4
depth_4\25658208_101_acoustic_R2.png,depth_4
depth_4\25658791_110_acoustic_R1.png,depth_4
depth_4\25658791_110_acoustic_R2.png,depth_4
depth_4\27119674_101_acoustic_R1.png,depth_4
depth_4\27119674_101_acoustic_R2.png,depth_4
depth_4\27119729_101_acoustic_R1.png,depth_4
depth_4\27119729_101_acoustic_R2.png,depth_4
depth_4\27119960_100_acoustic_R1.png,depth_4
depth_4\27119960_100_acoustic_R2.png,depth_4
depth_4\27120103_101_acoustic_R1.png,depth_4
depth_4\27120103_101_acoustic_R2.png,depth_4
depth_4\27120136_101_acoustic_R1.png,depth_4
depth_4\27120136_101_acoustic_R2.png,depth_4
depth_4\27120147_106_acoustic_R1.png,depth_4
depth_4\27120147_106_acoustic_R2.png,depth_4
depth_4\27120334_35_acoustic_R1.png,depth_4
depth_4\27120334_35_acoustic_R2.png,depth_4
depth_4\27120345_101_acoustic_R1.png,depth_4
depth_4\27120345_101_acoustic_R2.png,depth_4
depth_4\27120356_107_acoustic_R1.png,depth_4
depth_4\27120356_107_acoustic_R2.png,depth_4
depth_4\27120400_102_acoustic_R1.png,depth_4
depth_4\27120400_102_acoustic_R2.png,depth_4
depth_4\27120565_117_acoustic_R1.png,depth_4
depth_4\27120565_117_acoustic_R2.png,depth_4
depth_4\27120576_28_acoustic_R1.png,depth_4
depth_4\27120576_28_acoustic_R2.png,depth_4
depth_4\27120620_107_acoustic_R1.png,depth_4
depth_4\27120620_107_acoustic_R2.png,depth_4
depth_4\27120906_100_acoustic_R1.png,depth_4
depth_4\27120906_100_acoustic_R2.png,depth_4
depth_4\27121379_105_acoustic_R1.png,depth_4
depth_4\27121379_105_acoustic_R2.png,depth_4
depth_4\27121500_100_acoustic_R1.png,depth_4
depth_4\27121500_100_acoustic_R2.png,depth_4
depth_4\27121522_111_acoustic_R1.png,depth_4
depth_4\27121522_111_acoustic_R2.png,depth_4
depth_4\27122171_101_acoustic_R1.png,depth_4
depth_4\27122171_101_acoustic_R2.png,depth_4
depth_4\27122259_105_acoustic_R1.png,depth_4
depth_4\27122259_105_acoustic_R2.png,depth_4
depth_4\28965686_119_acoustic_R1.png,depth_4
depth_4\28965686_119_acoustic_R2.png,depth_4
depth_4\28965697_103_acoustic_R1.png,depth_4
depth_4\28965697_103_acoustic_R2.png,depth_4
depth_4\28965884_100_acoustic_R1.png,depth_4
depth_4\28965884_100_acoustic_R2.png,depth_4
depth_4\28965939_112_acoustic_R1.png,depth_4
depth_4\28965939_112_acoustic_R2.png,depth_4
depth_4\28966005_103_acoustic_R1.png,depth_4
depth_4\28966005_103_acoustic_R2.png,depth_4
depth_4\28966269_100_acoustic_R1.png,depth_4
depth_4\28966269_100_acoustic_R2.png,depth_4
depth_4\28966357_103_acoustic_R1.png,depth_4
depth_4\28966357_103_acoustic_R2.png,depth_4
depth_4\28966368_100_acoustic_R1.png,depth_4
depth_4\28966368_100_acoustic_R2.png,depth_4
depth_4\28966555_102_acoustic_R1.png,depth_4
depth_4\28966555_102_acoustic_R2.png,depth_4
depth_4\28966830_105_acoustic_R1.png,depth_4
depth_4\28966830_105_acoustic_R2.png,depth_4
depth_4\28967204_101_acoustic_R1.png,depth_4
depth_4\28967204_101_acoustic_R2.png,depth_4
depth_4\28967259_38_acoustic_R1.png,depth_4
depth_4\28967259_38_acoustic_R2.png,depth_4
depth_4\28967270_27_acoustic_R1.png,depth_4
depth_4\28967270_27_acoustic_R2.png,depth_4
depth_4\28967589_27_acoustic_R1.png,depth_4
depth_4\28967589_27_acoustic_R2.png,depth_4
depth_4\28967831_102_acoustic_R1.png,depth_4
depth_4\28967831_102_acoustic_R2.png,depth_4
depth_4\28968139_106_acoustic_R1.png,depth_4
depth_4\28968139_106_acoustic_R2.png,depth_4
depth_4\28968161_100_acoustic_R1.png,depth_4
depth_4\28968161_100_acoustic_R2.png,depth_4
depth_4\28968183_105_acoustic_R1.png,depth_4
depth_4\28968183_105_acoustic_R2.png,depth_4
depth_4\28968392_100_acoustic_R1.png,depth_4
depth_4\28968722_27_acoustic_R1.png,depth_4
depth_4\28968722_27_acoustic_R2.png,depth_4
depth_4\28969118_110_acoustic_R1.png,depth_4
depth_4\28969118_110_acoustic_R2.png,depth_4
depth_4\28969349_101_acoustic_R1.png,depth_4
depth_4\28969349_101_acoustic_R2.png,depth_3
depth_4\28971252_103_acoustic_R1.png,depth_4
depth_4\28971252_103_acoustic_R2.png,depth_4
depth_4\28971373_101_acoustic_R1.png,depth_4
depth_4\28971373_101_acoustic_R2.png,depth_4
depth_4\28971516_105_acoustic_R1.png,depth_4
depth_4\28971516_105_acoustic_R2.png,depth_4
depth_4\28971989_103_acoustic_R1.png,depth_4
depth_4\28971989_103_acoustic_R2.png,depth_4
depth_4\28972011_107_acoustic_R1.png,depth_4
depth_4\28972011_107_acoustic_R2.png,depth_4
depth_4\28972099_101_acoustic_R1.png,depth_4
depth_4\28972099_101_acoustic_R2.png,depth_4
depth_4\32738297_101_acoustic_R1.png,depth_4
depth_4\32738297_101_acoustic_R2.png,depth_4
depth_4\32738594_105_acoustic_R1.png,depth_4
depth_4\32738594_105_acoustic_R2.png,depth_4
depth_4\32738616_102_acoustic_R1.png,depth_4
depth_4\32738616_102_acoustic_R2.png,depth_4
depth_4\32738770_107_acoustic_R1.png,depth_4
depth_4\32738770_107_acoustic_R2.png,depth_5
depth_4\32739034_105_acoustic_R1.png,depth_4
depth_4\32739034_105_acoustic_R2.png,depth_4
depth_4\32739133_111_acoustic_R1.png,depth_4
depth_4\32739133_111_acoustic_R2.png,depth_4
depth_4\32739166_107_acoustic_R1.png,depth_4
depth_4\32739166_107_acoustic_R2.png,depth_4
depth_4\32739716_108_acoustic_R1.png,depth_4
depth_4\32739716_108_acoustic_R2.png,depth_4
depth_4\32740046_101_acoustic_R1.png,depth_4
depth_4\32740046_101_acoustic_R2.png,depth_4
depth_4\32742444_45_acoustic_R1.png,depth_4
depth_4\32742444_45_acoustic_R2.png,depth_4
depth_4\32742466_27_acoustic_R1.png,depth_4
depth_4\32742466_27_acoustic_R2.png,depth_4
depth_4\32742664_103_acoustic_R1.png,depth_4
depth_4\32742664_103_acoustic_R2.png,depth_4
depth_4\32744457_111_acoustic_R1.png,depth_4
depth_4\32744457_111_acoustic_R2.png,depth_4
depth_4\32744512_47_acoustic_R1.png,depth_4
depth_4\32744512_47_acoustic_R2.png,depth_4
depth_4\32744666_36_acoustic_R1.png,depth_4
depth_4\32744666_36_acoustic_R2.png,depth_4
depth_4\32744908_104_acoustic_R1.png,depth_4
depth_4\32744908_104_acoustic_R2.png,depth_4
depth_4\32744952_106_acoustic_R1.png,depth_4
depth_4\32744952_106_acoustic_R2.png,depth_4
depth_4\32745986_112_acoustic_R1.png,depth_4
depth_4\32745986_112_acoustic_R2.png,depth_4
depth_4\32746129_102_acoustic_R1.png,depth_4
depth_4\32746129_102_acoustic_R2.png,depth_4
depth_4\32746162_103_acoustic_R1.png,depth_4
depth_4\32746162_103_acoustic_R2.png,depth_4
depth_4\32746195_102_acoustic_R1.png,depth_4
depth_4\32746195_102_acoustic_R2.png,depth_4
depth_4\32746371_108_acoustic_R1.png,depth_4
depth_4\32746371_108_acoustic_R2.png,depth_4
depth_4\32746679_100_acoustic_R1.png,depth_4
depth_4\32746679_100_acoustic_R2.png,depth_4
depth_4\32746690_102_acoustic_R1.png,depth_4
depth_4\32746690_102_acoustic_R2.png,depth_4
depth_4\32747823_100_acoustic_R1.png,depth_4
depth_4\32747823_100_acoustic_R2.png,depth_4
depth_4\34109645_103_acoustic_R1.png,depth_4
depth_4\34109645_103_acoustic_R2.png,depth_4
depth_4\34110888_111_acoustic_R1.png,depth_4
depth_4\34110888_111_acoustic_R2.png,depth_4
depth_4\34110910_100_acoustic_R1.png,depth_4
depth_4\34110910_100_acoustic_R2.png,depth_4
depth_4\34111020_100_acoustic_R1.png,depth_4
depth_4\34111020_100_acoustic_R2.png,depth_4
depth_4\34111966_100_acoustic_R1.png,depth_4
depth_4\34111966_100_acoustic_R2.png,depth_4
depth_4\79261884_103_acoustic_R1.png,depth_4
depth_4\79261884_103_acoustic_R2.png,depth_4
depth_4\79262126_107_acoustic_R1.png,depth_4
depth_4\79262126_107_acoustic_R2.png,depth_4
depth_4\79262148_58_acoustic_R1.png,depth_4
depth_4\79262148_58_acoustic_R2.png,depth_4
depth_4\79262192_102_acoustic_R1.png,depth_4
depth_4\79262192_102_acoustic_R2.png,depth_4
depth_4\79262291_104_acoustic_R1.png,depth_4
depth_4\79262291_104_acoustic_R2.png,depth_4
depth_4\79262324_103_acoustic_R1.png,depth_4
depth_4\79262324_103_acoustic_R2.png,depth_4
depth_4\79262665_109_acoustic_R1.png,depth_4
depth_4\79262665_109_acoustic_R2.png,depth_4
depth_4\79262863_25_acoustic_R1.png,depth_4
depth_4\79262863_25_acoustic_R2.png,depth_4
depth_4\79262874_25_acoustic_R1.png,depth_4
depth_4\79262874_25_acoustic_R2.png,depth_4
depth_4\79262962_104_acoustic_R1.png,depth_4
depth_4\79262962_104_acoustic_R2.png,depth_4
depth_4\79263589_100_acoustic_R1.png,depth_4
depth_4\79263589_100_acoustic_R2.png,depth_4
depth_4\79263710_104_acoustic_R1.png,depth_4
depth_4\79263710_104_acoustic_R2.png,depth_4
depth_4\79264084_103_acoustic_R1.png,depth_4
depth_4\79264084_103_acoustic_R2.png,depth_4
depth_4\79265030_100_acoustic_R1.png,depth_4
depth_4\79265030_100_acoustic_R2.png,depth_4
depth_4\79594618_104_acoustic_R1.png,depth_4
depth_4\79594618_104_acoustic_R2.png,depth_4
depth_4\79594662_100_acoustic_R1.png,depth_4
depth_4\79594662_100_acoustic_R2.png,depth_4
depth_4\79595047_106_acoustic_R1.png,depth_4
depth_4\79595047_106_acoustic_R2.png,depth_4
depth_4\79595322_100_acoustic_R1.png,depth_4
depth_4\79595322_100_acoustic_R2.png,depth_4
depth_4\79595432_108_acoustic_R1.png,depth_4
depth_4\79595432_108_acoustic_R2.png,depth_4
depth_4\79595828_101_acoustic_R1.png,depth_4
depth_4\79595828_101_acoustic_R2.png,depth_4
depth_4\79596015_102_acoustic_R1.png,depth_4
depth_4\79596015_102_acoustic_R2.png,depth_4
depth_4\79596290_109_acoustic_R1.png,depth_4
depth_4\79596290_109_acoustic_R2.png,depth_4
depth_4\79596840_103_acoustic_R1.png,depth_4
depth_4\79596840_103_acoustic_R2.png,depth_4
depth_4\79596851_115_acoustic_R1.png,depth_4
depth_4\79596851_115_acoustic_R2.png,depth_4
depth_4\79597027_101_acoustic_R1.png,depth_4
depth_4\79597027_101_acoustic_R2.png,depth_4
depth_4\79597093_110_acoustic_R1.png,depth_4
depth_4\79597093_110_acoustic_R2.png,depth_4
depth_4\79597632_100_acoustic_R1.png,depth_4
depth_4\79597632_100_acoustic_R2.png,depth_4
depth_4\79597896_107_acoustic_R1.png,depth_4
depth_4\79597896_107_acoustic_R2.png,depth_4
depth_4\79597995_107_acoustic_R1.png,depth_4
depth_4\79597995_107_acoustic_R2.png,depth_4
depth_4\79598864_101_acoustic_R1.png,depth_4
depth_4\79598864_101_acoustic_R2.png,depth_4
depth_4\79599271_103_acoustic_R1.png,depth_4
depth_4\79599271_103_acoustic_R2.png,depth_4
depth_4\79858110_101_acoustic_R1.png,depth_4
depth_4\79858110_101_acoustic_R2.png,depth_4
depth_4\79858154_102_acoustic_R1.png,depth_4
depth_4\79858154_102_acoustic_R2.png,depth_4
depth_4\80915404_106_acoustic_R1.png,depth_4
depth_4\80915404_106_acoustic_R2.png,depth_4
depth_4\80916009_106_acoustic_R1.png,depth_4
depth_4\80916009_106_acoustic_R2.png,depth_4
depth_4\80916075_100_acoustic_R1.png,depth_4
depth_4\80916075_100_acoustic_R2.png,depth_4
depth_4\80916108_108_acoustic_R1.png,depth_4
depth_4\80916108_108_acoustic_R2.png,depth_4
depth_4\80916405_102_acoustic_R1.png,depth_4
depth_4\80916405_102_acoustic_R2.png,depth_4
depth_4\80917087_107_acoustic_R1.png,depth_4
depth_4\80917087_107_acoustic_R2.png,depth_4
depth_4\80917241_104_acoustic_R1.png,depth_4
depth_4\80917241_104_acoustic_R2.png,depth_4
depth_5\25657218_111_acoustic_R1.png,depth_5
depth_5\25657218_111_acoustic_R2.png,depth_5
depth_5\25658131_38_acoustic_R1.png,depth_5
depth_5\25658131_38_acoustic_R2.png,depth_5
depth_5\25658208_101_acoustic_R1.png,depth_5
depth_5\25658208_101_acoustic_R2.png,depth_5
depth_5\25658791_110_acoustic_R1.png,depth_5
depth_5\25658791_110_acoustic_R2.png,depth_5
depth_5\27119674_101_acoustic_R1.png,depth_5
depth_5\27119674_101_acoustic_R2.png,depth_5
depth_5\27119729_101_acoustic_R1.png,depth_5
depth_5\27119729_101_acoustic_R2.png,depth_5
depth_5\27119960_100_acoustic_R1.png,depth_5
depth_5\27119960_100_acoustic_R2.png,depth_5
depth_5\27120103_101_acoustic_R1.png,depth_5
depth_5\27120103_101_acoustic_R2.png,depth_5
depth_5\27120136_101_acoustic_R1.png,depth_5
depth_5\27120136_101_acoustic_R2.png,depth_5
depth_5\27120147_106_acoustic_R1.png,depth_5
depth_5\27120147_106_acoustic_R2.png,depth_5
depth_5\27120334_35_acoustic_R1.png,depth_5
depth_5\27120334_35_acoustic_R2.png,depth_5
depth_5\27120345_101_acoustic_R1.png,depth_5
depth_5\27120345_101_acoustic_R2.png,depth_5
depth_5\27120356_107_acoustic_R1.png,depth_5
depth_5\27120356_107_acoustic_R2.png,depth_5
depth_5\27120400_102_acoustic_R1.png,depth_5
depth_5\27120400_102_acoustic_R2.png,depth_5
depth_5\27120565_117_acoustic_R1.png,depth_5
depth_5\27120565_117_acoustic_R2.png,depth_5
depth_5\27120576_28_acoustic_R1.png,depth_5
depth_5\27120576_28_acoustic_R2.png,depth_5
depth_5\27120620_107_acoustic_R1.png,depth_5
depth_5\27120620_107_acoustic_R2.png,depth_5
depth_5\27120906_100_acoustic_R1.png,depth_5
depth_5\27120906_100_acoustic_R2.png,depth_5
depth_5\27121379_105_acoustic_R1.png,depth_5
depth_5\27121379_105_acoustic_R2.png,depth_5
depth_5\27121500_100_acoustic_R1.png,depth_5
depth_5\27121500_100_acoustic_R2.png,depth_5
depth_5\27121522_111_acoustic_R1.png,depth_5
depth_5\27121522_111_acoustic_R2.png,depth_5
depth_5\27122171_101_acoustic_R1.png,depth_5
depth_5\27122171_101_acoustic_R2.png,depth_5
depth_5\27122259_105_acoustic_R1.png,depth_5
depth_5\27122259_105_acoustic_R2.png,depth_5
depth_5\28965686_119_acoustic_R1.png,depth_5
depth_5\28965686_119_acoustic_R2.png,depth_5
depth_5\28965697_103_acoustic_R1.png,depth_5
depth_5\28965697_103_acoustic_R2.png,depth_5
depth_5\28965884_100_acoustic_R1.png,depth_5
depth_5\28965884_100_acoustic_R2.png,depth_5
depth_5\28965939_112_acoustic_R1.png,depth_5
depth_5\28965939_112_acoustic_R2.png,depth_5
depth_5\28966005_103_acoustic_R1.png,depth_5
depth_5\28966005_103_acoustic_R2.png,depth_5
depth_5\28966269_100_acoustic_R1.png,depth_5
depth_5\28966269_100_acoustic_R2.png,depth_5
depth_5\28966357_103_acoustic_R1.png,depth_5
depth_5\28966357_103_acoustic_R2.png,depth_5
depth_5\28966368_100_acoustic_R1.png,depth_5
depth_5\28966368_100_acoustic_R2.png,depth_5
depth_5\28966555_102_acoustic_R1.png,depth_5
depth_5\28966555_102_acoustic_R2.png,depth_5
depth_5\28966830_105_acoustic_R1.png,depth_5
depth_5\28966830_105_acoustic_R2.png,depth_5
depth_5\28967204_101_acoustic_R1.png,depth_5
depth_5\28967204_101_acoustic_R2.png,depth_5
depth_5\28967259_38_acoustic_R1.png,depth_5
depth_5\28967259_38_acoustic_R2.png,depth_5
depth_5\28967270_27_acoustic_R1.png,depth_5
depth_5\28967270_27_acoustic_R2.png,depth_5
depth_5\28967589_27_acoustic_R1.png,depth_5
depth_5\28967589_27_acoustic_R2.png,depth_5
depth_5\28967831_102_acoustic_R1.png,depth_5
depth_5\28967831_102_acoustic_R2.png,depth_5
depth_5\28968139_106_acoustic_R1.png,depth_5
depth_5\28968139_106_acoustic_R2.png,depth_5
depth_5\28968161_100_acoustic_R1.png,depth_5
depth_5\28968161_100_acoustic_R2.png,depth_5
depth_5\28968183_105_acoustic_R1.png,depth_5
depth_5\28968183_105_acoustic_R2.png,depth_5
depth_5\28968392_100_acoustic_R1.png,depth_5
depth_5\28968392_100_acoustic_R2.png,depth_5
depth_5\28968722_27_acoustic_R1.png,depth_5
depth_5\28968722_27_acoustic_R2.png,depth_5
depth_5\28969118_110_acoustic_R1.png,depth_5
depth_5\28969118_110_acoustic_R2.png,depth_5
depth_5\28969349_101_acoustic_R1.png,depth_5
depth_5\28969349_101_acoustic_R2.png,depth_5
depth_5\28971252_103_acoustic_R1.png,depth_5
depth_5\28971252_103_acoustic_R2.png,depth_5
depth_5\28971373_101_acoustic_R1.png,depth_5
depth_5\28971373_101_acoustic_R2.png,depth_5
depth_5\28971516_105_acoustic_R1.png,depth_5
depth_5\28971516_105_acoustic_R2.png,depth_5
depth_5\28971989_103_acoustic_R1.png,depth_5
depth_5\28971989_103_acoustic_R2.png,depth_5
depth_5\28972011_107_acoustic_R1.png,depth_5
depth_5\28972011_107_acoustic_R2.png,depth_5
depth_5\28972099_101_acoustic_R1.png,depth_5
depth_5\28972099_101_acoustic_R2.png,depth_5
depth_5\32738297_101_acoustic_R1.png,depth_5
depth_5\32738297_101_acoustic_R2.png,depth_5
depth_5\32738594_105_acoustic_R1.png,depth_5
depth_5\32738594_105_acoustic_R2.png,depth_5
depth_5\32738616_102_acoustic_R1.png,depth_5
depth_5\32738616_102_acoustic_R2.png,depth_5
depth_5\32738770_107_acoustic_R1.png,depth_5
depth_5\32738770_107_acoustic_R2.png,depth_5
depth_5\32739034_105_acoustic_R1.png,depth_5
depth_5\32739034_105_acoustic_R2.png,depth_5
depth_5\32739133_111_acoustic_R1.png,depth_5
depth_5\32739133_111_acoustic_R2.png,depth_5
depth_5\32739166_107_acoustic_R1.png,depth_5
depth_5\32739166_107_acoustic_R2.png,depth_5
depth_5\32739716_108_acoustic_R1.png,depth_5
depth_5\32739716_108_acoustic_R2.png,depth_5
depth_5\32740046_101_acoustic_R1.png,depth_5
depth_5\32740046_101_acoustic_R2.png,depth_5
depth_5\32742444_45_acoustic_R1.png,depth_5
depth_5\32742444_45_acoustic_R2.png,depth_5
depth_5\32742466_27_acoustic_R1.png,depth_5
depth_5\32742466_27_acoustic_R2.png,depth_5
depth_5\32742664_103_acoustic_R1.png,depth_5
depth_5\32742664_103_acoustic_R2.png,depth_5
depth_5\32744457_111_acoustic_R1.png,depth_5
depth_5\32744457_111_acoustic_R2.png,depth_5
depth_5\32744512_47_acoustic_R1.png,depth_5
depth_5\32744512_47_acoustic_R2.png,depth_5
depth_5\32744666_36_acoustic_R1.png,depth_5
depth_5\32744666_36_acoustic_R2.png,depth_5
depth_5\32744908_104_acoustic_R1.png,depth_5
depth_5\32744908_104_acoustic_R2.png,depth_5
depth_5\32744952_106_acoustic_R1.png,depth_5
depth_5\32744952_106_acoustic_R2.png,depth_5
depth_5\32745986_112_acoustic_R1.png,depth_5
depth_5\32745986_112_acoustic_R2.png,depth_5
depth_5\32746129_102_acoustic_R1.png,depth_5
depth_5\32746129_102_acoustic_R2.png,depth_5
depth_5\32746162_103_acoustic_R1.png,depth_5
depth_5\32746162_103_acoustic_R2.png,depth_5
depth_5\32746195_102_acoustic_R1.png,depth_5
depth_5\32746195_102_acoustic_R2.png,depth_5
depth_5\32746371_108_acoustic_R1.png,depth_5
depth_5\32746371_108_acoustic_R2.png,depth_5
depth_5\32746679_100_acoustic_R1.png,depth_5
depth_5\32746679_100_acoustic_R2.png,depth_5
depth_5\32746690_102_acoustic_R1.png,depth_5
depth_5\32746690_102_acoustic_R2.png,depth_5
depth_5\32747823_100_acoustic_R1.png,depth_5
depth_5\32747823_100_acoustic_R2.png,depth_5
depth_5\34109645_103_acoustic_R1.png,depth_5
depth_5\34109645_103_acoustic_R2.png,depth_5
depth_5\34110888_111_acoustic_R1.png,depth_5
depth_5\34110888_111_acoustic_R2.png,depth_5
depth_5\34110910_100_acoustic_R1.png,depth_5
depth_5\34110910_100_acoustic_R2.png,depth_5
depth_5\34111020_100_acoustic_R1.png,depth_5
depth_5\34111020_100_acoustic_R2.png,depth_5
depth_5\34111966_100_acoustic_R1.png,depth_5
depth_5\34111966_100_acoustic_R2.png,depth_5
depth_5\79261884_103_acoustic_R1.png,depth_5
depth_5\79261884_103_acoustic_R2.png,depth_5
depth_5\79262126_107_acoustic_R1.png,depth_5
depth_5\79262126_107_acoustic_R2.png,depth_5
depth_5\79262148_58_acoustic_R1.png,depth_5
depth_5\79262148_58_acoustic_R2.png,depth_5
depth_5\79262192_102_acoustic_R1.png,depth_5
depth_5\79262192_102_acoustic_R2.png,depth_5
depth_5\79262291_104_acoustic_R1.png,depth_5
depth_5\79262291_104_acoustic_R2.png,depth_5
depth_5\79262324_103_acoustic_R1.png,depth_5
depth_5\79262324_103_acoustic_R2.png,depth_5
depth_5\79262665_109_acoustic_R1.png,depth_5
depth_5\79262665_109_acoustic_R2.png,depth_5
depth_5\79262863_25_acoustic_R1.png,depth_5
depth_5\79262863_25_acoustic_R2.png,depth_5
depth_5\79262874_25_acoustic_R1.png,depth_5
depth_5\79262874_25_acoustic_R2.png,depth_5
depth_5\79262962_104_acoustic_R1.png,depth_5
depth_5\79262962_104_acoustic_R2.png,depth_5
depth_5\79263589_100_acoustic_R1.png,depth_5
depth_5\79263589_100_acoustic_R2.png,depth_5
depth_5\79263710_104_acoustic_R1.png,depth_5
depth_5\79263710_104_acoustic_R2.png,depth_5
depth_5\79264084_103_acoustic_R1.png,depth_5
depth_5\79264084_103_acoustic_R2.png,depth_5
depth_5\79265030_100_acoustic_R1.png,depth_5
depth_5\79265030_100_acoustic_R2.png,depth_5
depth_5\79594618_104_acoustic_R1.png,depth_5
depth_5\79594618_104_acoustic_R2.png,depth_5
depth_5\79594662_100_acoustic_R1.png,depth_5
depth_5\79594662_100_acoustic_R2.png,depth_5
depth_5\79595047_106_acoustic_R1.png,depth_5
depth_5\79595047_106_acoustic_R2.png,depth_5
depth_5\79595322_100_acoustic_R1.png,depth_5
depth_5\79595322_100_acoustic_R2.png,depth_5
depth_5\79595432_108_acoustic_R1.png,depth_5
depth_5\79595432_108_acoustic_R2.png,depth_5
depth_5\79595828_101_acoustic_R1.png,depth_5
depth_5\79595828_101_acoustic_R2.png,depth_5
depth_5\79596015_102_acoustic_R1.png,depth_5
depth_5\79596015_102_acoustic_R2.png,depth_5
depth_5\79596290_109_acoustic_R1.png,depth_5
depth_5\79596290_109_acoustic_R2.png,depth_5
depth_5\79596840_103_acoustic_R1.png,depth_5
depth_5\79596840_103_acoustic_R2.png,depth_5
depth_5\79596851_115_acoustic_R1.png,depth_5
depth_5\79596851_115_acoustic_R2.png,depth_5
depth_5\79597027_101_acoustic_R1.png,depth_5
depth_5\79597027_101_acoustic_R2.png,depth_5
depth_5\79597093_110_acoustic_R1.png,depth_5
depth_5\79597093_110_acoustic_R2.png,depth_5
depth_5\79597632_100_acoustic_R1.png,depth_5
depth_5\79597632_100_acoustic_R2.png,depth_5
depth_5\79597896_107_acoustic_R1.png,depth_5
depth_5\79597896_107_acoustic_R2.png,depth_5
depth_5\79597995_107_acoustic_R1.png,depth_5
depth_5\79597995_107_acoustic_R2.png,depth_5
depth_5\79598864_101_acoustic_R1.png,depth_5
depth_5\79598864_101_acoustic_R2.png,depth_5
depth_5\79599271_103_acoustic_R1.png,depth_5
depth_5\79599271_103_acoustic_R2.png,depth_5
depth_5\79858110_101_acoustic_R1.png,depth_5
depth_5\79858110_101_acoustic_R2.png,depth_5
depth_5\79858154_102_acoustic_R1.png,depth_5
depth_5\79858154_102_acoustic_R2.png,depth_5
depth_5\80915404_106_acoustic_R1.png,depth_5
depth_5\80915404_106_acoustic_R2.png,depth_5
depth_5\80916009_106_acoustic_R1.png,depth_5
depth_5\80916009_106_acoustic_R2.png,depth_5
depth_5\80916075_100_acoustic_R1.png,depth_5
depth_5\80916075_100_acoustic_R2.png,depth_5
depth_5\80916108_108_acoustic_R1.png,depth_5
depth_5\80916108_108_acoustic_R2.png,depth_5
depth_5\80916405_102_acoustic_R1.png,depth_5
depth_5\80916405_102_acoustic_R2.png,depth_5
depth_5\80917087_107_acoustic_R1.png,depth_5
depth_5\80917087_107_acoustic_R2.png,depth_5
depth_5\80917241_104_acoustic_R1.png,depth_5
depth_5\80917241_104_acoustic_R2.png,depth_5
depth_6\25657218_111_acoustic_R1.png,depth_6
depth_6\25657218_111_acoustic_R2.png,depth_6
depth_6\25658131_38_acoustic_R1.png,depth_6
depth_6\25658131_38_acoustic_R2.png,depth_6
depth_6\25658208_101_acoustic_R1.png,depth_6
depth_6\25658208_101_acoustic_R2.png,depth_6
depth_6\25658791_110_acoustic_R1.png,depth_6
depth_6\25658791_110_acoustic_R2.png,depth_6
depth_6\27119674_101_acoustic_R1.png,depth_6
depth_6\27119674_101_acoustic_R2.png,depth_6
depth_6\27119729_101_acoustic_R1.png,depth_6
depth_6\27119729_101_acoustic_R2.png,depth_6
depth_6\27119960_100_acoustic_R1.png,depth_6
depth_6\27119960_100_acoustic_R2.png,depth_6
depth_6\27120103_101_acoustic_R1.png,depth_6
depth_6\27120103_101_acoustic_R2.png,depth_6
depth_6\27120136_101_acoustic_R1.png,depth_6
depth_6\27120136_101_acoustic_R2.png,depth_6
depth_6\27120147_106_acoustic_R1.png,depth_6
depth_6\27120147_106_acoustic_R2.png,depth_6
depth_6\27120334_35_acoustic_R1.png,depth_6
depth_6\27120334_35_acoustic_R2.png,depth_6
depth_6\27120345_101_acoustic_R1.png,depth_6
depth_6\27120345_101_acoustic_R2.png,depth_6
depth_6\27120356_107_acoustic_R1.png,depth_6
depth_6\27120356_107_acoustic_R2.png,depth_6
depth_6\27120400_102_acoustic_R1.png,depth_6
depth_6\27120400_102_acoustic_R2.png,depth_6
depth_6\27120565_117_acoustic_R1.png,depth_6
depth_6\27120565_117_acoustic_R2.png,depth_6
depth_6\27120576_28_acoustic_R1.png,depth_6
depth_6\27120576_28_acoustic_R2.png,depth_6
depth_6\27120620_107_acoustic_R1.png,depth_6
depth_6\27120620_107_acoustic_R2.png,depth_6
depth_6\27120906_100_acoustic_R1.png,depth_6
depth_6\27120906_100_acoustic_R2.png,depth_6
depth_6\27121379_105_acoustic_R1.png,depth_6
depth_6\27121379_105_acoustic_R2.png,depth_6
depth_6\27121500_100_acoustic_R1.png,depth_6
depth_6\27121500_100_acoustic_R2.png,depth_6
depth_6\27121522_111_acoustic_R1.png,depth_6
depth_6\27121522_111_acoustic_R2.png,depth_6
depth_6\27122171_101_acoustic_R1.png,depth_6
depth_6\27122171_101_acoustic_R2.png,depth_6
depth_6\27122259_105_acoustic_R1.png,depth_6
depth_6\27122259_105_acoustic_R2.png,depth_6
depth_6\28965686_119_acoustic_R1.png,depth_6
depth_6\28965686_119_acoustic_R2.png,depth_6
depth_6\28965697_103_acoustic_R1.png,depth_6
depth_6\28965697_103_acoustic_R2.png,depth_6
depth_6\28965884_100_acoustic_R1.png,depth_6
depth_6\28965884_100_acoustic_R2.png,depth_6
depth_6\28965939_112_acoustic_R1.png,depth_6
depth_6\28965939_112_acoustic_R2.png,depth_6
depth_6\28966005_103_acoustic_R1.png,depth_6
depth_6\28966005_103_acoustic_R2.png,depth_6
depth_6\28966269_100_acoustic_R1.png,depth_6
depth_6\28966269_100_acoustic_R2.png,depth_6
depth_6\28966357_103_acoustic_R1.png,depth_6
depth_6\28966357_103_acoustic_R2.png,depth_6
depth_6\28966368_100_acoustic_R1.png,depth_6
depth_6\28966368_100_acoustic_R2.png,depth_6
depth_6\28966555_102_acoustic_R1.png,depth_6
depth_6\28966555_102_acoustic_R2.png,depth_6
depth_6\28966830_105_acoustic_R1.png,depth_6
depth_6\28966830_105_acoustic_R2.png,depth_6
depth_6\28967204_101_acoustic_R1.png,depth_6
depth_6\28967204_101_acoustic_R2.png,depth_6
depth_6\28967259_38_acoustic_R1.png,depth_6
depth_6\28967259_38_acoustic_R2.png,depth_6
depth_6\28967270_27_acoustic_R1.png,depth_6
depth_6\28967270_27_acoustic_R2.png,depth_6
depth_6\28967589_27_acoustic_R1.png,depth_6
depth_6\28967589_27_acoustic_R2.png,depth_6
depth_6\28967831_102_acoustic_R1.png,depth_6
depth_6\28967831_102_acoustic_R2.png,depth_6
depth_6\28968139_106_acoustic_R1.png,depth_6
depth_6\28968139_106_acoustic_R2.png,depth_6
depth_6\28968161_100_acoustic_R1.png,depth_6
depth_6\28968161_100_acoustic_R2.png,depth_6
depth_6\28968183_105_acoustic_R1.png,depth_6
depth_6\28968183_105_acoustic_R2.png,depth_6
depth_6\28968392_100_acoustic_R1.png,depth_6
depth_6\28968392_100_acoustic_R2.png,depth_6
depth_6\28968722_27_acoustic_R1.png,depth_6
depth_6\28968722_27_acoustic_R2.png,depth_6
depth_6\28969118_110_acoustic_R1.png,depth_6
depth_6\28969118_110_acoustic_R2.png,depth_6
depth_6\28969349_101_acoustic_R1.png,depth_6
depth_6\28969349_101_acoustic_R2.png,depth_6
depth_6\28971252_103_acoustic_R1.png,depth_6
depth_6\28971252_103_acoustic_R2.png,depth_6
depth_6\28971373_101_acoustic_R1.png,depth_6
depth_6\28971373_101_acoustic_R2.png,depth_6
depth_6\28971516_105_acoustic_R1.png,depth_6
depth_6\28971516_105_acoustic_R2.png,depth_6
depth_6\28971989_103_acoustic_R1.png,depth_6
depth_6\28971989_103_acoustic_R2.png,depth_6
depth_6\28972011_107_acoustic_R1.png,depth_6
depth_6\28972011_107_acoustic_R2.png,depth_6
depth_6\28972099_101_acoustic_R1.png,depth_6
depth_6\28972099_101_acoustic_R2.png,depth_6
depth_6\32738297_101_acoustic_R1.png,depth_6
depth_6\32738297_101_acoustic_R2.png,depth_6
depth_6\32738594_105_acoustic_R1.png,depth_6
depth_6\32738594_105_acoustic_R2.png,depth_6
depth_6\32738616_102_acoustic_R1.png,depth_6
depth_6\32738616_102_acoustic_R2.png,depth_6
depth_6\32738770_107_acoustic_R1.png,depth_6
depth_6\32738770_107_acoustic_R2.png,depth_6
depth_6\32739034_105_acoustic_R1.png,depth_6
depth_6\32739034_105_acoustic_R2.png,depth_6
depth_6\32739133_111_acoustic_R1.png,depth_6
depth_6\32739133_111_acoustic_R2.png,depth_6
depth_6\32739166_107_acoustic_R1.png,depth_6
depth_6\32739166_107_acoustic_R2.png,depth_6
depth_6\32739716_108_acoustic_R1.png,depth_6
depth_6\32739716_108_acoustic_R2.png,depth_6
depth_6\32740046_101_acoustic_R1.png,depth_6
depth_6\32740046_101_acoustic_R2.png,depth_6
depth_6\32742444_45_acoustic_R1.png,depth_6
depth_6\32742444_45_acoustic_R2.png,depth_6
depth_6\32742466_27_acoustic_R1.png,depth_6
depth_6\32742466_27_acoustic_R2.png,depth_6
depth_6\32742664_103_acoustic_R1.png,depth_6
depth_6\32742664_103_acoustic_R2.png,depth_6
depth_6\32744457_111_acoustic_R1.png,depth_6
depth_6\32744457_111_acoustic_R2.png,depth_6
depth_6\32744512_47_acoustic_R1.png,depth_6
depth_6\32744512_47_acoustic_R2.png,depth_6
depth_6\32744666_36_acoustic_R1.png,depth_6
depth_6\32744666_36_acoustic_R2.png,depth_6
depth_6\32744908_104_acoustic_R1.png,depth_6
depth_6\32744908_104_acoustic_R2.png,depth_6
depth_6\32744952_106_acoustic_R1.png,depth_6
depth_6\32744952_106_acoustic_R2.png,depth_6
depth_6\32745986_112_acoustic_R1.png,depth_6
depth_6\32745986_112_acoustic_R2.png,depth_6
depth_6\32746129_102_acoustic_R1.png,depth_6
depth_6\32746129_102_acoustic_R2.png,depth_6
depth_6\32746162_103_acoustic_R1.png,depth_6
depth_6\32746162_103_acoustic_R2.png,depth_6
depth_6\32746195_102_acoustic_R1.png,depth_6
depth_6\32746195_102_acoustic_R2.png,depth_6
depth_6\32746371_108_acoustic_R1.png,depth_6
depth_6\32746371_108_acoustic_R2.png,depth_6
depth_6\32746679_100_acoustic_R1.png,depth_6
depth_6\32746679_100_acoustic_R2.png,depth_6
depth_6\32746690_102_acoustic_R1.png,depth_6
depth_6\32746690_102_acoustic_R2.png,depth_6
depth_6\32747823_100_acoustic_R1.png,depth_6
depth_6\32747823_100_acoustic_R2.png,depth_6
depth_6\34109645_103_acoustic_R1.png,depth_6
depth_6\34109645_103_acoustic_R2.png,depth_6
depth_6\34110888_111_acoustic_R1.png,depth_6
depth_6\34110888_111_acoustic_R2.png,depth_6
depth_6\34110910_100_acoustic_R1.png,depth_6
depth_6\34110910_100_acoustic_R2.png,depth_6
depth_6\34111020_100_acoustic_R1.png,depth_6
depth_6\34111020_100_acoustic_R2.png,depth_6
depth_6\34111966_100_acoustic_R1.png,depth_6
depth_6\34111966_100_acoustic_R2.png,depth_6
depth_6\79261884_103_acoustic_R1.png,depth_6
depth_6\79261884_103_acoustic_R2.png,depth_6
depth_6\79262126_107_acoustic_R1.png,depth_6
depth_6\79262126_107_acoustic_R2.png,depth_6
depth_6\79262148_58_acoustic_R1.png,depth_6
depth_6\79262148_58_acoustic_R2.png,depth_6
depth_6\79262192_102_acoustic_R1.png,depth_6
depth_6\79262192_102_acoustic_R2.png,depth_6
depth_6\79262291_104_acoustic_R1.png,depth_6
depth_6\79262291_104_acoustic_R2.png,depth_6
depth_6\79262324_103_acoustic_R1.png,depth_6
depth_6\79262324_103_acoustic_R2.png,depth_6
depth_6\79262665_109_acoustic_R1.png,depth_6
depth_6\79262665_109_acoustic_R2.png,depth_6
depth_6\79262863_25_acoustic_R1.png,depth_6
depth_6\79262863_25_acoustic_R2.png,depth_6
depth_6\79262874_25_acoustic_R1.png,depth_6
depth_6\79262874_25_acoustic_R2.png,depth_6
depth_6\79262962_104_acoustic_R1.png,depth_6
depth_6\79262962_104_acoustic_R2.png,depth_6
depth_6\79263589_100_acoustic_R1.png,depth_6
depth_6\79263589_100_acoustic_R2.png,depth_6
depth_6\79263710_104_acoustic_R1.png,depth_6
depth_6\79263710_104_acoustic_R2.png,depth_6
depth_6\79264084_103_acoustic_R1.png,depth_6
depth_6\79264084_103_acoustic_R2.png,depth_6
depth_6\79265030_100_acoustic_R1.png,depth_6
depth_6\79265030_100_acoustic_R2.png,depth_6
depth_6\79594618_104_acoustic_R1.png,depth_6
depth_6\79594618_104_acoustic_R2.png,depth_6
depth_6\79594662_100_acoustic_R1.png,depth_6
depth_6\79594662_100_acoustic_R2.png,depth_6
depth_6\79595047_106_acoustic_R1.png,depth_6
depth_6\79595047_106_acoustic_R2.png,depth_6
depth_6\79595322_100_acoustic_R1.png,depth_6
depth_6\79595322_100_acoustic_R2.png,depth_6
depth_6\79595432_108_acoustic_R1.png,depth_6
depth_6\79595432_108_acoustic_R2.png,depth_6
depth_6\79595828_101_acoustic_R1.png,depth_6
depth_6\79595828_101_acoustic_R2.png,depth_6
depth_6\79596015_102_acoustic_R1.png,depth_6
depth_6\79596015_102_acoustic_R2.png,depth_6
depth_6\79596290_109_acoustic_R1.png,depth_6
depth_6\79596290_109_acoustic_R2.png,depth_6
depth_6\79596840_103_acoustic_R1.png,depth_6
depth_6\79596840_103_acoustic_R2.png,depth_6
depth_6\79596851_115_acoustic_R1.png,depth_6
depth_6\79596851_115_acoustic_R2.png,depth_6
depth_6\79597027_101_acoustic_R1.png,depth_6
depth_6\79597027_101_acoustic_R2.png,depth_6
depth_6\79597093_110_acoustic_R1.png,depth_6
depth_6\79597093_110_acoustic_R2.png,depth_6
depth_6\79597632_100_acoustic_R1.png,depth_6
depth_6\79597632_100_acoustic_R2.png,depth_6
depth_6\79597896_107_acoustic_R1.png,depth_6
depth_6\79597896_107_acoustic_R2.png,depth_6
depth_6\79597995_107_acoustic_R1.png,depth_6
depth_6\79597995_107_acoustic_R2.png,depth_6
depth_6\79598864_101_acoustic_R1.png,depth_6
depth_6\79598864_101_acoustic_R2.png,depth_6
depth_6\79599271_103_acoustic_R1.png,depth_6
depth_6\79599271_103_acoustic_R2.png,depth_6
depth_6\79858110_101_acoustic_R1.png,depth_6
depth_6\79858110_101_acoustic_R2.png,depth_6
depth_6\79858154_102_acoustic_R1.png,depth_6
depth_6\79858154_102_acoustic_R2.png,depth_6
depth_6\80915404_106_acoustic_R1.png,depth_6
depth_6\80915404_106_acoustic_R2.png,depth_6
depth_6\80916009_106_acoustic_R1.png,depth_6
depth_6\80916009_106_acoustic_R2.png,depth_6
depth_6\80916075_100_acoustic_R1.png,depth_6
depth_6\80916075_100_acoustic_R2.png,depth_6
depth_6\80916108_108_acoustic_R1.png,depth_6
depth_6\80916108_108_acoustic_R2.png,depth_6
depth_6\80916405_102_acoustic_R1.png,depth_6
depth_6\80916405_102_acoustic_R2.png,depth_6
depth_6\80917087_107_acoustic_R1.png,depth_6
depth_6\80917087_107_acoustic_R2.png,depth_6
depth_6\80917241_104_acoustic_R1.png,depth_6
depth_6\80917241_104_acoustic_R2.png,depth_6
depth_7\25657218_111_acoustic_R1.png,depth_7
depth_7\25657218_111_acoustic_R2.png,depth_7
depth_7\25658131_38_acoustic_R1.png,depth_7
depth_7\25658131_38_acoustic_R2.png,depth_7
depth_7\25658208_101_acoustic_R1.png,depth_7
depth_7\25658208_101_acoustic_R2.png,depth_7
depth_7\25658791_110_acoustic_R1.png,depth_7
depth_7\25658791_110_acoustic_R2.png,depth_7
depth_7\27119674_101_acoustic_R1.png,depth_7
depth_7\27119674_101_acoustic_R2.png,depth_7
depth_7\27119729_101_acoustic_R1.png,depth_7
depth_7\27119729_101_acoustic_R2.png,depth_7
depth_7\27119960_100_acoustic_R1.png,depth_7
depth_7\27119960_100_acoustic_R2.png,depth_7
depth_7\27120103_101_acoustic_R1.png,depth_7
depth_7\27120103_101_acoustic_R2.png,depth_7
depth_7\27120136_101_acoustic_R1.png,depth_7
depth_7\27120136_101_acoustic_R2.png,depth_7
depth_7\27120147_106_acoustic_R1.png,depth_7
depth_7\27120147_106_acoustic_R2.png,depth_7
depth_7\27120334_35_acoustic_R1.png,depth_7
depth_7\27120334_35_acoustic_R2.png,depth_7
depth_7\27120345_101_acoustic_R1.png,depth_7
depth_7\27120345_101_acoustic_R2.png,depth_7
depth_7\27120356_107_acoustic_R1.png,depth_7
depth_7\27120356_107_acoustic_R2.png,depth_7
depth_7\27120400_102_acoustic_R1.png,depth_7
depth_7\27120400_102_acoustic_R2.png,depth_7
depth_7\27120565_117_acoustic_R1.png,depth_7
depth_7\27120565_117_acoustic_R2.png,depth_7
depth_7\27120576_28_acoustic_R1.png,depth_7
depth_7\27120576_28_acoustic_R2.png,depth_7
depth_7\27120620_107_acoustic_R1.png,depth_7
depth_7\27120620_107_acoustic_R2.png,depth_7
depth_7\27120906_100_acoustic_R1.png,depth_7
depth_7\27120906_100_acoustic_R2.png,depth_7
depth_7\27121379_105_acoustic_R1.png,depth_7
depth_7\27121379_105_acoustic_R2.png,depth_7
depth_7\27121500_100_acoustic_R1.png,depth_7
depth_7\27121500_100_acoustic_R2.png,depth_7
depth_7\27121522_111_acoustic_R1.png,depth_7
depth_7\27121522_111_acoustic_R2.png,depth_7
depth_7\27122171_101_acoustic_R1.png,depth_7
depth_7\27122171_101_acoustic_R2.png,depth_7
depth_7\27122259_105_acoustic_R1.png,depth_7
depth_7\27122259_105_acoustic_R2.png,depth_7
depth_7\28965686_119_acoustic_R1.png,depth_7
depth_7\28965686_119_acoustic_R2.png,depth_7
depth_7\28965697_103_acoustic_R1.png,depth_7
depth_7\28965697_103_acoustic_R2.png,depth_7
depth_7\28965884_100_acoustic_R1.png,depth_7
depth_7\28965884_100_acoustic_R2.png,depth_7
depth_7\28965939_112_acoustic_R1.png,depth_7
depth_7\28965939_112_acoustic_R2.png,depth_7
depth_7\28966005_103_acoustic_R1.png,depth_7
depth_7\28966005_103_acoustic_R2.png,depth_7
depth_7\28966269_100_acoustic_R1.png,depth_7
depth_7\28966269_100_acoustic_R2.png,depth_7
depth_7\28966357_103_acoustic_R1.png,depth_7
depth_7\28966357_103_acoustic_R2.png,depth_7
depth_7\28966368_100_acoustic_R1.png,depth_7
depth_7\28966368_100_acoustic_R2.png,depth_7
depth_7\28966555_102_acoustic_R1.png,depth_7
depth_7\28966555_102_acoustic_R2.png,depth_7
depth_7\28966830_105_acoustic_R1.png,depth_7
depth_7\28966830_105_acoustic_R2.png,depth_7
depth_7\28967204_101_acoustic_R1.png,depth_7
depth_7\28967204_101_acoustic_R2.png,depth_7
depth_7\28967259_38_acoustic_R1.png,depth_7
depth_7\28967259_38_acoustic_R2.png,depth_7
depth_7\28967270_27_acoustic_R1.png,depth_7
depth_7\28967270_27_acoustic_R2.png,depth_7
depth_7\28967589_27_acoustic_R1.png,depth_7
depth_7\28967589_27_acoustic_R2.png,depth_7
depth_7\28967831_102_acoustic_R1.png,depth_7
depth_7\28967831_102_acoustic_R2.png,depth_7
depth_7\28968139_106_acoustic_R1.png,depth_7
depth_7\28968139_106_acoustic_R2.png,depth_7
depth_7\28968161_100_acoustic_R1.png,depth_7
depth_7\28968161_100_acoustic_R2.png,depth_7
depth_7\28968183_105_acoustic_R1.png,depth_7
depth_7\28968183_105_acoustic_R2.png,depth_7
depth_7\28968392_100_acoustic_R1.png,depth_7
depth_7\28968392_100_acoustic_R2.png,depth_7
depth_7\28968722_27_acoustic_R1.png,depth_7
depth_7\28968722_27_acoustic_R2.png,depth_7
depth_7\28969118_110_acoustic_R1.png,depth_7
depth_7\28969118_110_acoustic_R2.png,depth_7
depth_7\28969349_101_acoustic_R1.png,depth_7
depth_7\28969349_101_acoustic_R2.png,depth_7
depth_7\28971252_103_acoustic_R1.png,depth_7
depth_7\28971252_103_acoustic_R2.png,depth_7
depth_7\28971373_101_acoustic_R1.png,depth_7
depth_7\28971373_101_acoustic_R2.png,depth_7
depth_7\28971516_105_acoustic_R1.png,depth_7
depth_7\28971516_105_acoustic_R2.png,depth_7
depth_7\28971989_103_acoustic_R1.png,depth_7
depth_7\28971989_103_acoustic_R2.png,depth_7
depth_7\28972011_107_acoustic_R1.png,depth_7
depth_7\28972011_107_acoustic_R2.png,depth_7
depth_7\28972099_101_acoustic_R1.png,depth_7
depth_7\28972099_101_acoustic_R2.png,depth_7
depth_7\32738297_101_acoustic_R1.png,depth_7
depth_7\32738297_101_acoustic_R2.png,depth_7
depth_7\32738594_105_acoustic_R1.png,depth_7
depth_7\32738594_105_acoustic_R2.png,depth_7
depth_7\32738616_102_acoustic_R1.png,depth_7
depth_7\32738616_102_acoustic_R2.png,depth_7
depth_7\32738770_107_acoustic_R1.png,depth_7
depth_7\32738770_107_acoustic_R2.png,depth_7
depth_7\32739034_105_acoustic_R1.png,depth_7
depth_7\32739034_105_acoustic_R2.png,depth_7
depth_7\32739133_111_acoustic_R1.png,depth_7
depth_7\32739133_111_acoustic_R2.png,depth_7
depth_7\32739166_107_acoustic_R1.png,depth_7
depth_7\32739166_107_acoustic_R2.png,depth_7
depth_7\32739716_108_acoustic_R1.png,depth_7
depth_7\32739716_108_acoustic_R2.png,depth_7
depth_7\32740046_101_acoustic_R1.png,depth_7
depth_7\32740046_101_acoustic_R2.png,depth_7
depth_7\32742444_45_acoustic_R1.png,depth_7
depth_7\32742444_45_acoustic_R2.png,depth_7
depth_7\32742466_27_acoustic_R1.png,depth_7
depth_7\32742466_27_acoustic_R2.png,depth_7
depth_7\32742664_103_acoustic_R1.png,depth_7
depth_7\32742664_103_acoustic_R2.png,depth_7
depth_7\32744457_111_acoustic_R1.png,depth_7
depth_7\32744457_111_acoustic_R2.png,depth_7
depth_7\32744512_47_acoustic_R1.png,depth_7
depth_7\32744512_47_acoustic_R2.png,depth_7
depth_7\32744666_36_acoustic_R1.png,depth_7
depth_7\32744666_36_acoustic_R2.png,depth_7
depth_7\32744908_104_acoustic_R1.png,depth_7
depth_7\32744908_104_acoustic_R2.png,depth_7
depth_7\32744952_106_acoustic_R1.png,depth_7
depth_7\32744952_106_acoustic_R2.png,depth_7
depth_7\32745986_112_acoustic_R1.png,depth_7
depth_7\32745986_112_acoustic_R2.png,depth_7
depth_7\32746129_102_acoustic_R1.png,depth_7
depth_7\32746129_102_acoustic_R2.png,depth_7
depth_7\32746162_103_acoustic_R1.png,depth_7
depth_7\32746162_103_acoustic_R2.png,depth_7
depth_7\32746195_102_acoustic_R1.png,depth_7
depth_7\32746195_102_acoustic_R2.png,depth_7
depth_7\32746371_108_acoustic_R1.png,depth_7
depth_7\32746371_108_acoustic_R2.png,depth_7
depth_7\32746679_100_acoustic_R1.png,depth_7
depth_7\32746679_100_acoustic_R2.png,depth_7
depth_7\32746690_102_acoustic_R1.png,depth_7
depth_7\32746690_102_acoustic_R2.png,depth_7
depth_7\32747823_100_acoustic_R1.png,depth_7
depth_7\32747823_100_acoustic_R2.png,depth_7
depth_7\34109645_103_acoustic_R1.png,depth_7
depth_7\34109645_103_acoustic_R2.png,depth_7
depth_7\34110888_111_acoustic_R1.png,depth_7
depth_7\34110888_111_acoustic_R2.png,depth_7
depth_7\34110910_100_acoustic_R1.png,depth_7
depth_7\34110910_100_acoustic_R2.png,depth_7
depth_7\34111020_100_acoustic_R1.png,depth_7
depth_7\34111020_100_acoustic_R2.png,depth_7
depth_7\34111966_100_acoustic_R1.png,depth_7
depth_7\34111966_100_acoustic_R2.png,depth_7
depth_7\79261884_103_acoustic_R1.png,depth_7
depth_7\79261884_103_acoustic_R2.png,depth_7
depth_7\79262126_107_acoustic_R1.png,depth_7
depth_7\79262126_107_acoustic_R2.png,depth_7
depth_7\79262148_58_acoustic_R1.png,depth_7
depth_7\79262148_58_acoustic_R2.png,depth_7
depth_7\79262192_102_acoustic_R1.png,depth_7
depth_7\79262192_102_acoustic_R2.png,depth_7
depth_7\79262291_104_acoustic_R1.png,depth_7
depth_7\79262291_104_acoustic_R2.png,depth_7
depth_7\79262324_103_acoustic_R1.png,depth_7
depth_7\79262324_103_acoustic_R2.png,depth_7
depth_7\79262665_109_acoustic_R1.png,depth_7
depth_7\79262665_109_acoustic_R2.png,depth_7
depth_7\79262863_25_acoustic_R1.png,depth_7
depth_7\79262863_25_acoustic_R2.png,depth_7
depth_7\79262874_25_acoustic_R1.png,depth_7
depth_7\79262874_25_acoustic_R2.png,depth_7
depth_7\79262962_104_acoustic_R1.png,depth_7
depth_7\79262962_104_acoustic_R2.png,depth_7
depth_7\79263589_100_acoustic_R1.png,depth_7
depth_7\79263589_100_acoustic_R2.png,depth_7
depth_7\79263710_104_acoustic_R1.png,depth_7
depth_7\79263710_104_acoustic_R2.png,depth_7
depth_7\79264084_103_acoustic_R1.png,depth_7
depth_7\79264084_103_acoustic_R2.png,depth_7
depth_7\79265030_100_acoustic_R1.png,depth_7
depth_7\79265030_100_acoustic_R2.png,depth_7
depth_7\79594618_104_acoustic_R1.png,depth_7
depth_7\79594618_104_acoustic_R2.png,depth_7
depth_7\79594662_100_acoustic_R1.png,depth_7
depth_7\79594662_100_acoustic_R2.png,depth_7
depth_7\79595047_106_acoustic_R1.png,depth_7
depth_7\79595047_106_acoustic_R2.png,depth_7
depth_7\79595322_100_acoustic_R1.png,depth_7
depth_7\79595322_100_acoustic_R2.png,depth_7
depth_7\79595432_108_acoustic_R1.png,depth_7
depth_7\79595432_108_acoustic_R2.png,depth_7
depth_7\79595828_101_acoustic_R1.png,depth_7
depth_7\79595828_101_acoustic_R2.png,depth_7
depth_7\79596015_102_acoustic_R1.png,depth_7
depth_7\79596015_102_acoustic_R2.png,depth_7
depth_7\79596290_109_acoustic_R1.png,depth_7
depth_7\79596290_109_acoustic_R2.png,depth_7
depth_7\79596840_103_acoustic_R1.png,depth_7
depth_7\79596840_103_acoustic_R2.png,depth_7
depth_7\79596851_115_acoustic_R1.png,depth_7
depth_7\79596851_115_acoustic_R2.png,depth_7
depth_7\79597027_101_acoustic_R1.png,depth_7
depth_7\79597027_101_acoustic_R2.png,depth_7
depth_7\79597093_110_acoustic_R1.png,depth_7
depth_7\79597093_110_acoustic_R2.png,depth_7
depth_7\79597632_100_acoustic_R1.png,depth_7
depth_7\79597632_100_acoustic_R2.png,depth_7
depth_7\79597896_107_acoustic_R1.png,depth_7
depth_7\79597896_107_acoustic_R2.png,depth_7
depth_7\79597995_107_acoustic_R1.png,depth_7
depth_7\79597995_107_acoustic_R2.png,depth_7
depth_7\79598864_101_acoustic_R1.png,depth_7
depth_7\79598864_101_acoustic_R2.png,depth_7
depth_7\79599271_103_acoustic_R1.png,depth_7
depth_7\79599271_103_acoustic_R2.png,depth_7
depth_7\79858110_101_acoustic_R1.png,depth_7
depth_7\79858110_101_acoustic_R2.png,depth_7
depth_7\79858154_102_acoustic_R1.png,depth_7
depth_7\79858154_102_acoustic_R2.png,depth_7
depth_7\80915404_106_acoustic_R1.png,depth_7
depth_7\80915404_106_acoustic_R2.png,depth_7
depth_7\80916009_106_acoustic_R1.png,depth_7
depth_7\80916009_106_acoustic_R2.png,depth_7
depth_7\80916075_100_acoustic_R1.png,depth_7
depth_7\80916075_100_acoustic_R2.png,depth_7
depth_7\80916108_108_acoustic_R1.png,depth_7
depth_7\80916108_108_acoustic_R2.png,depth_7
depth_7\80916405_102_acoustic_R1.png,depth_7
depth_7\80916405_102_acoustic_R2.png,depth_7
depth_7\80917087_107_acoustic_R1.png,depth_7
depth_7\80917087_107_acoustic_R2.png,depth_7
depth_7\80917241_104_acoustic_R1.png,depth_7
depth_7\80917241_104_acoustic_R2.png,depth_7
